النوع,اسم المحل,المنطقة,رقم واتساب,رابط واتساب جاهز,مصدر البيانات
مطعم,ابو الخير,مساكن شيراتون - مصر الجديدة,+201203333554,https://wa.me/201203333554?text=%D9%85%D8%B1%D8%AD%D8%A8%D9%8B%D8%A7%20%F0%9F%91%8B%20%D9%85%D8%B9%D8%A7%D9%83%D9%85%20%D9%81%D8%B1%D9%8A%D9%82%20%D9%85%D8%B6%D9%85%D9%88%D9%86%D8%A9%20%28madmonacairo.com%29%20%E2%80%94%20%D9%85%D9%86%D8%B5%D8%A9%20%D9%85%D8%B5%D8%B1%20%D8%A7%D9%84%D8%AC%D8%AF%D9%8A%D8%AF%D8%A9%20%D9%84%D9%84%D8%B9%D9%82%D8%A7%D8%B1%D8%A7%D8%AA%20%D9%88%D8%A7%D9%84%D9%85%D8%B7%D8%A7%D8%B9%D9%85%20%D9%88%D8%A7%D9%84%D8%AE%D8%AF%D9%85%D8%A7%D8%AA.%0A%D8%B9%D9%86%D8%AF%D9%86%D8%A7%20%22%D8%A7%D9%84%D9%85%D8%A7%D8%B1%D8%AF%22%20%F0%9F%A7%9E%E2%80%8D%E2%99%82%EF%B8%8F%20%D9%85%D8%B3%D8%A7%D8%B9%D8%AF%20%D8%B0%D9%83%D8%A7%D8%A1%20%D8%A7%D8%B5%D8%B7%D9%86%D8%A7%D8%B9%D9%8A%D8%8C%20%D8%A3%D9%8A%20%D8%AD%D8%AF%20%D9%8A%D8%B3%D8%A3%D9%84%D9%87%20%D8%B9%D9%86%20%D9%85%D8%B7%D8%B9%D9%85%20%D9%8A%D9%82%D8%B9%D8%AF%20%D9%81%D9%8A%D9%87%20%D8%A3%D9%88%20%D8%B9%D9%82%D8%A7%D8%B1%20%D9%8A%D8%B3%D8%AA%D8%A3%D8%AC%D8%B1%D9%87/%D9%8A%D8%B4%D8%AA%D8%B1%D9%8A%D9%87%20%D9%81%D9%8A%20%D8%A7%D9%84%D9%85%D9%86%D8%B7%D9%82%D8%A9%D8%8C%20%D8%A8%D9%8A%D8%B1%D8%B4%D8%AD%D9%84%D9%87%20%D8%A7%D9%84%D9%85%D8%AD%D9%84%D8%A7%D8%AA%20%D9%88%D8%A7%D9%84%D8%B9%D9%82%D8%A7%D8%B1%D8%A7%D8%AA%20%D8%A7%D9%84%D9%85%D8%B3%D8%AC%D9%84%D8%A9%20%D8%B9%D9%86%D8%AF%D9%86%D8%A7%20%D9%81%D9%88%D8%B1%D9%8B%D8%A7.%0A%D9%84%D9%88%20%D8%AD%D8%A7%D8%A8%D9%8A%D9%86%20%D9%85%D8%AD%D9%84%D9%83%D9%85%20%D9%8A%D8%A8%D9%82%D9%89%20%D9%85%D9%86%20%D8%B6%D9%85%D9%86%20%D8%AA%D8%B1%D8%B4%D9%8A%D8%AD%D8%A7%D8%AA%20%D8%A7%D9%84%D9%85%D8%A7%D8%B1%D8%AF%20%D9%85%D8%AC%D8%A7%D9%86%D9%8B%D8%A7%D8%8C%20%D8%AC%D8%B1%D8%A8%D9%88%D9%87%20%D8%A8%D9%86%D9%81%D8%B3%D9%83%D9%85%20%D8%AF%D9%84%D9%88%D9%82%D8%AA%D9%8A%3A%20https%3A//t.me/Madmona_bot%0A%D9%83%D9%84%D9%85%D9%88%D9%86%D8%A7%20%D9%84%D9%88%20%D8%AD%D8%A7%D8%A8%D9%8A%D9%86%20%D8%AA%D8%AA%D8%B3%D8%AC%D9%84%D9%88%D8%A7%20%F0%9F%99%8F,يلوبيدجز مصر (رقم واتساب ظاهر مباشرة)
مطعم,Bebo Restaurant,مصر الجديدة (بالقرب من مكتب مضمونة),غير متاح تلقائيًا - يحتاج مراجعة يدوية,https://www.google.com/maps/search/Bebo+restaurant+Heliopolis+Cairo,Google Maps
مطعم,Fares Seafood Almaza,الماظة - مصر الجديدة,غير متاح تلقائيًا - يحتاج مراجعة يدوية,https://www.google.com/maps/search/Fares+Seafood+Almaza,Google Maps
مطعم,Kazaz (كازاز),مصر الجديدة,غير متاح تلقائيًا - يحتاج مراجعة يدوية,https://www.google.com/maps/search/Kazaz+restaurant+Heliopolis,Google Maps
مطعم,Bistro Heliopolis,مصر الجديدة,غير متاح تلقائيًا - يحتاج مراجعة يدوية,https://www.google.com/maps/search/Bistro+Heliopolis,Google Maps
مطعم,Hosny Restaurant Heliopolis,مصر الجديدة,غير متاح تلقائيًا - يحتاج مراجعة يدوية,https://www.google.com/maps/search/Hosny+Restaurant+Heliopolis,Google Maps
مطعم,El Manoufi El Kababgy (المنوفي الكبابجي),مصر الجديدة,غير متاح تلقائيًا - يحتاج مراجعة يدوية,https://www.google.com/maps/search/المنوفي+الكبابجي+مصر+الجديدة,Google Maps
مطعم,ابن الحتة,روكسي - مصر الجديدة,غير متاح تلقائيًا - يحتاج مراجعة يدوية,https://yellowpages.com.eg/ar/profile/ابن-الحتة/426438,يلوبيدجز مصر
مطعم,ابن حلب للمأكولات السورية,ميدان الحجاز - مصر الجديدة,غير متاح تلقائيًا - يحتاج مراجعة يدوية,https://yellowpages.com.eg/ar/profile/ابن-حلب-للمأكولات-السورية/667016,يلوبيدجز مصر
مطعم,ابن حميدو للمأكولات البحرية,منشية البكري - مصر الجديدة,غير متاح تلقائيًا - يحتاج مراجعة يدوية,https://yellowpages.com.eg/ar/profile/ابن-حميدو-للمأكولات-البحرية/648780,يلوبيدجز مصر
مطعم,ابو حيدر,روكسي - مصر الجديدة,غير متاح تلقائيًا - يحتاج مراجعة يدوية,https://yellowpages.com.eg/ar/profile/ابو-حيدر/69384,يلوبيدجز مصر
مكتب عقاري,لافيتا العقارية (LaVita Real Estate),مدينة نصر (تعمل في مصر الجديدة والقاهرة الجديدة),غير متاح تلقائيًا - يحتاج مراجعة يدوية,https://lavitadevelopment.com/,يلوبيدجز مصر
مكتب عقاري (بحث عام),مكاتب عقارية مصر الجديدة - القائمة الكاملة (399 مكتب),مصر الجديدة,-,https://yellowpages.com.eg/ar/category/مصر-الجديدة-عقارات/3203,يلوبيدجز مصر
مكتب عقاري (خريطة),مكاتب عقارية مصر الجديدة على الخريطة,مصر الجديدة,-,https://www.google.com/maps/search/مكاتب+عقارية+مصر+الجديدة,Google Maps
مطعم,مطعم طبالي (Tabali),الكورية - مصر الجديدة,+201123530333,https://wa.me/201123530333?text=%D9%85%D8%B1%D8%AD%D8%A8%D9%8B%D8%A7%20%F0%9F%91%8B%20%D9%85%D8%B9%D8%A7%D9%83%D9%85%20%D9%81%D8%B1%D9%8A%D9%82%20%D9%85%D8%B6%D9%85%D9%88%D9%86%D8%A9%20%28madmonacairo.com%29%20%E2%80%94%20%D9%85%D9%86%D8%B5%D8%A9%20%D9%85%D8%B5%D8%B1%20%D8%A7%D9%84%D8%AC%D8%AF%D9%8A%D8%AF%D8%A9%20%D9%84%D9%84%D8%B9%D9%82%D8%A7%D8%B1%D8%A7%D8%AA%20%D9%88%D8%A7%D9%84%D9%85%D8%B7%D8%A7%D8%B9%D9%85%20%D9%88%D8%A7%D9%84%D8%AE%D8%AF%D9%85%D8%A7%D8%AA.%0A%D8%B9%D9%86%D8%AF%D9%86%D8%A7%20%22%D8%A7%D9%84%D9%85%D8%A7%D8%B1%D8%AF%22%20%F0%9F%A7%9E%E2%80%8D%E2%99%82%EF%B8%8F%20%D9%85%D8%B3%D8%A7%D8%B9%D8%AF%20%D8%B0%D9%83%D8%A7%D8%A1%20%D8%A7%D8%B5%D8%B7%D9%86%D8%A7%D8%B9%D9%8A%D8%8C%20%D8%A3%D9%8A%20%D8%AD%D8%AF%20%D9%8A%D8%B3%D8%A3%D9%84%D9%87%20%D8%B9%D9%86%20%D9%85%D8%B7%D8%B9%D9%85%20%D9%8A%D9%82%D8%B9%D8%AF%20%D9%81%D9%8A%D9%87%20%D8%A3%D9%88%20%D8%B9%D9%82%D8%A7%D8%B1%20%D9%8A%D8%B3%D8%AA%D8%A3%D8%AC%D8%B1%D9%87/%D9%8A%D8%B4%D8%AA%D8%B1%D9%8A%D9%87%20%D9%81%D9%8A%20%D8%A7%D9%84%D9%85%D9%86%D8%B7%D9%82%D8%A9%D8%8C%20%D8%A8%D9%8A%D8%B1%D8%B4%D8%AD%D9%84%D9%87%20%D8%A7%D9%84%D9%85%D8%AD%D9%84%D8%A7%D8%AA%20%D9%88%D8%A7%D9%84%D8%B9%D9%82%D8%A7%D8%B1%D8%A7%D8%AA%20%D8%A7%D9%84%D9%85%D8%B3%D8%AC%D9%84%D8%A9%20%D8%B9%D9%86%D8%AF%D9%86%D8%A7%20%D9%81%D9%88%D8%B1%D9%8B%D8%A7.%0A%D9%84%D9%88%20%D8%AD%D8%A7%D8%A8%D9%8A%D9%86%20%D9%85%D8%AD%D9%84%D9%83%D9%85%20%D9%8A%D8%A8%D9%82%D9%89%20%D9%85%D9%86%20%D8%B6%D9%85%D9%86%20%D8%AA%D8%B1%D8%B4%D9%8A%D8%AD%D8%A7%D8%AA%20%D8%A7%D9%84%D9%85%D8%A7%D8%B1%D8%AF%20%D9%85%D8%AC%D8%A7%D9%86%D9%8B%D8%A7%D8%8C%20%D8%AC%D8%B1%D8%A8%D9%88%D9%87%20%D8%A8%D9%86%D9%81%D8%B3%D9%83%D9%85%20%D8%AF%D9%84%D9%88%D9%82%D8%AA%D9%8A%3A%20https%3A//t.me/Madmona_bot%0A%D9%83%D9%84%D9%85%D9%88%D9%86%D8%A7%20%D9%84%D9%88%20%D8%AD%D8%A7%D8%A8%D9%8A%D9%86%20%D8%AA%D8%AA%D8%B3%D8%AC%D9%84%D9%88%D8%A7%20%F0%9F%99%8F,menuegypt.com / بحث ويب (رقم موبايل ظاهر)
مطعم,مطعم روسيني (ROSSINI),شارع عمر بن الخطاب - مصر الجديدة,+201228437342,https://wa.me/201228437342?text=%D9%85%D8%B1%D8%AD%D8%A8%D9%8B%D8%A7%20%F0%9F%91%8B%20%D9%85%D8%B9%D8%A7%D9%83%D9%85%20%D9%81%D8%B1%D9%8A%D9%82%20%D9%85%D8%B6%D9%85%D9%88%D9%86%D8%A9%20%28madmonacairo.com%29%20%E2%80%94%20%D9%85%D9%86%D8%B5%D8%A9%20%D9%85%D8%B5%D8%B1%20%D8%A7%D9%84%D8%AC%D8%AF%D9%8A%D8%AF%D8%A9%20%D9%84%D9%84%D8%B9%D9%82%D8%A7%D8%B1%D8%A7%D8%AA%20%D9%88%D8%A7%D9%84%D9%85%D8%B7%D8%A7%D8%B9%D9%85%20%D9%88%D8%A7%D9%84%D8%AE%D8%AF%D9%85%D8%A7%D8%AA.%0A%D8%B9%D9%86%D8%AF%D9%86%D8%A7%20%22%D8%A7%D9%84%D9%85%D8%A7%D8%B1%D8%AF%22%20%F0%9F%A7%9E%E2%80%8D%E2%99%82%EF%B8%8F%20%D9%85%D8%B3%D8%A7%D8%B9%D8%AF%20%D8%B0%D9%83%D8%A7%D8%A1%20%D8%A7%D8%B5%D8%B7%D9%86%D8%A7%D8%B9%D9%8A%D8%8C%20%D8%A3%D9%8A%20%D8%AD%D8%AF%20%D9%8A%D8%B3%D8%A3%D9%84%D9%87%20%D8%B9%D9%86%20%D9%85%D8%B7%D8%B9%D9%85%20%D9%8A%D9%82%D8%B9%D8%AF%20%D9%81%D9%8A%D9%87%20%D8%A3%D9%88%20%D8%B9%D9%82%D8%A7%D8%B1%20%D9%8A%D8%B3%D8%AA%D8%A3%D8%AC%D8%B1%D9%87/%D9%8A%D8%B4%D8%AA%D8%B1%D9%8A%D9%87%20%D9%81%D9%8A%20%D8%A7%D9%84%D9%85%D9%86%D8%B7%D9%82%D8%A9%D8%8C%20%D8%A8%D9%8A%D8%B1%D8%B4%D8%AD%D9%84%D9%87%20%D8%A7%D9%84%D9%85%D8%AD%D9%84%D8%A7%D8%AA%20%D9%88%D8%A7%D9%84%D8%B9%D9%82%D8%A7%D8%B1%D8%A7%D8%AA%20%D8%A7%D9%84%D9%85%D8%B3%D8%AC%D9%84%D8%A9%20%D8%B9%D9%86%D8%AF%D9%86%D8%A7%20%D9%81%D9%88%D8%B1%D9%8B%D8%A7.%0A%D9%84%D9%88%20%D8%AD%D8%A7%D8%A8%D9%8A%D9%86%20%D9%85%D8%AD%D9%84%D9%83%D9%85%20%D9%8A%D8%A8%D9%82%D9%89%20%D9%85%D9%86%20%D8%B6%D9%85%D9%86%20%D8%AA%D8%B1%D8%B4%D9%8A%D8%AD%D8%A7%D8%AA%20%D8%A7%D9%84%D9%85%D8%A7%D8%B1%D8%AF%20%D9%85%D8%AC%D8%A7%D9%86%D9%8B%D8%A7%D8%8C%20%D8%AC%D8%B1%D8%A8%D9%88%D9%87%20%D8%A8%D9%86%D9%81%D8%B3%D9%83%D9%85%20%D8%AF%D9%84%D9%88%D9%82%D8%AA%D9%8A%3A%20https%3A//t.me/Madmona_bot%0A%D9%83%D9%84%D9%85%D9%88%D9%86%D8%A7%20%D9%84%D9%88%20%D8%AD%D8%A7%D8%A8%D9%8A%D9%86%20%D8%AA%D8%AA%D8%B3%D8%AC%D9%84%D9%88%D8%A7%20%F0%9F%99%8F,بحث ويب (رقم موبايل ظاهر)
مطعم,مطعم دجاج أنس (Anas Chicken),شارع عثمان بن عفان - مصر الجديدة,+201123530333,https://wa.me/201123530333?text=%D9%85%D8%B1%D8%AD%D8%A8%D9%8B%D8%A7%20%F0%9F%91%8B%20%D9%85%D8%B9%D8%A7%D9%83%D9%85%20%D9%81%D8%B1%D9%8A%D9%82%20%D9%85%D8%B6%D9%85%D9%88%D9%86%D8%A9%20%28madmonacairo.com%29%20%E2%80%94%20%D9%85%D9%86%D8%B5%D8%A9%20%D9%85%D8%B5%D8%B1%20%D8%A7%D9%84%D8%AC%D8%AF%D9%8A%D8%AF%D8%A9%20%D9%84%D9%84%D8%B9%D9%82%D8%A7%D8%B1%D8%A7%D8%AA%20%D9%88%D8%A7%D9%84%D9%85%D8%B7%D8%A7%D8%B9%D9%85%20%D9%88%D8%A7%D9%84%D8%AE%D8%AF%D9%85%D8%A7%D8%AA.%0A%D8%B9%D9%86%D8%AF%D9%86%D8%A7%20%22%D8%A7%D9%84%D9%85%D8%A7%D8%B1%D8%AF%22%20%F0%9F%A7%9E%E2%80%8D%E2%99%82%EF%B8%8F%20%D9%85%D8%B3%D8%A7%D8%B9%D8%AF%20%D8%B0%D9%83%D8%A7%D8%A1%20%D8%A7%D8%B5%D8%B7%D9%86%D8%A7%D8%B9%D9%8A%D8%8C%20%D8%A3%D9%8A%20%D8%AD%D8%AF%20%D9%8A%D8%B3%D8%A3%D9%84%D9%87%20%D8%B9%D9%86%20%D9%85%D8%B7%D8%B9%D9%85%20%D9%8A%D9%82%D8%B9%D8%AF%20%D9%81%D9%8A%D9%87%20%D8%A3%D9%88%20%D8%B9%D9%82%D8%A7%D8%B1%20%D9%8A%D8%B3%D8%AA%D8%A3%D8%AC%D8%B1%D9%87/%D9%8A%D8%B4%D8%AA%D8%B1%D9%8A%D9%87%20%D9%81%D9%8A%20%D8%A7%D9%84%D9%85%D9%86%D8%B7%D9%82%D8%A9%D8%8C%20%D8%A8%D9%8A%D8%B1%D8%B4%D8%AD%D9%84%D9%87%20%D8%A7%D9%84%D9%85%D8%AD%D9%84%D8%A7%D8%AA%20%D9%88%D8%A7%D9%84%D8%B9%D9%82%D8%A7%D8%B1%D8%A7%D8%AA%20%D8%A7%D9%84%D9%85%D8%B3%D8%AC%D9%84%D8%A9%20%D8%B9%D9%86%D8%AF%D9%86%D8%A7%20%D9%81%D9%88%D8%B1%D9%8B%D8%A7.%0A%D9%84%D9%88%20%D8%AD%D8%A7%D8%A8%D9%8A%D9%86%20%D9%85%D8%AD%D9%84%D9%83%D9%85%20%D9%8A%D8%A8%D9%82%D9%89%20%D9%85%D9%86%20%D8%B6%D9%85%D9%86%20%D8%AA%D8%B1%D8%B4%D9%8A%D8%AD%D8%A7%D8%AA%20%D8%A7%D9%84%D9%85%D8%A7%D8%B1%D8%AF%20%D9%85%D8%AC%D8%A7%D9%86%D9%8B%D8%A7%D8%8C%20%D8%AC%D8%B1%D8%A8%D9%88%D9%87%20%D8%A8%D9%86%D9%81%D8%B3%D9%83%D9%85%20%D8%AF%D9%84%D9%88%D9%82%D8%AA%D9%8A%3A%20https%3A//t.me/Madmona_bot%0A%D9%83%D9%84%D9%85%D9%88%D9%86%D8%A7%20%D9%84%D9%88%20%D8%AD%D8%A7%D8%A8%D9%8A%D9%86%20%D8%AA%D8%AA%D8%B3%D8%AC%D9%84%D9%88%D8%A7%20%F0%9F%99%8F,بحث ويب (رقم موبايل ظاهر)
عقارات,النعيم للاسكان والتعمير,249 كوبري السويس - مصر الجديدة,+201204160333,https://wa.me/201204160333?text=%D9%85%D8%B1%D8%AD%D8%A8%D9%8B%D8%A7%20%F0%9F%91%8B%20%D9%85%D8%B9%D8%A7%D9%83%D9%85%20%D9%81%D8%B1%D9%8A%D9%82%20%D9%85%D8%B6%D9%85%D9%88%D9%86%D8%A9%20%28madmonacairo.com%29%20%E2%80%94%20%D9%85%D9%86%D8%B5%D8%A9%20%D9%85%D8%B5%D8%B1%20%D8%A7%D9%84%D8%AC%D8%AF%D9%8A%D8%AF%D8%A9%20%D9%84%D9%84%D8%B9%D9%82%D8%A7%D8%B1%D8%A7%D8%AA%20%D9%88%D8%A7%D9%84%D9%85%D8%B7%D8%A7%D8%B9%D9%85%20%D9%88%D8%A7%D9%84%D8%AE%D8%AF%D9%85%D8%A7%D8%AA.%0A%D8%B9%D9%86%D8%AF%D9%86%D8%A7%20%22%D8%A7%D9%84%D9%85%D8%A7%D8%B1%D8%AF%22%20%F0%9F%A7%9E%E2%80%8D%E2%99%82%EF%B8%8F%20%D9%85%D8%B3%D8%A7%D8%B9%D8%AF%20%D8%B0%D9%83%D8%A7%D8%A1%20%D8%A7%D8%B5%D8%B7%D9%86%D8%A7%D8%B9%D9%8A%D8%8C%20%D8%A3%D9%8A%20%D8%AD%D8%AF%20%D9%8A%D8%B3%D8%A3%D9%84%D9%87%20%D8%B9%D9%86%20%D9%85%D8%B7%D8%B9%D9%85%20%D9%8A%D9%82%D8%B9%D8%AF%20%D9%81%D9%8A%D9%87%20%D8%A3%D9%88%20%D8%B9%D9%82%D8%A7%D8%B1%20%D9%8A%D8%B3%D8%AA%D8%A3%D8%AC%D8%B1%D9%87/%D9%8A%D8%B4%D8%AA%D8%B1%D9%8A%D9%87%20%D9%81%D9%8A%20%D8%A7%D9%84%D9%85%D9%86%D8%B7%D9%82%D8%A9%D8%8C%20%D8%A8%D9%8A%D8%B1%D8%B4%D8%AD%D9%84%D9%87%20%D8%A7%D9%84%D9%85%D8%AD%D9%84%D8%A7%D8%AA%20%D9%88%D8%A7%D9%84%D8%B9%D9%82%D8%A7%D8%B1%D8%A7%D8%AA%20%D8%A7%D9%84%D9%85%D8%B3%D8%AC%D9%84%D8%A9%20%D8%B9%D9%86%D8%AF%D9%86%D8%A7%20%D9%81%D9%88%D8%B1%D9%8B%D8%A7.%0A%D9%84%D9%88%20%D8%AD%D8%A7%D8%A8%D9%8A%D9%86%20%D9%85%D8%AD%D9%84%D9%83%D9%85%20%D9%8A%D8%A8%D9%82%D9%89%20%D9%85%D9%86%20%D8%B6%D9%85%D9%86%20%D8%AA%D8%B1%D8%B4%D9%8A%D8%AD%D8%A7%D8%AA%20%D8%A7%D9%84%D9%85%D8%A7%D8%B1%D8%AF%20%D9%85%D8%AC%D8%A7%D9%86%D9%8B%D8%A7%D8%8C%20%D8%AC%D8%B1%D8%A8%D9%88%D9%87%20%D8%A8%D9%86%D9%81%D8%B3%D9%83%D9%85%20%D8%AF%D9%84%D9%88%D9%82%D8%AA%D9%8A%3A%20https%3A//t.me/Madmona_bot%0A%D9%83%D9%84%D9%85%D9%88%D9%86%D8%A7%20%D9%84%D9%88%20%D8%AD%D8%A7%D8%A8%D9%8A%D9%86%20%D8%AA%D8%AA%D8%B3%D8%AC%D9%84%D9%88%D8%A7%20%F0%9F%99%8F,dalil140.com (رقم موبايل ظاهر)
عقارات,مصطفى الحفناوي للتسويق العقاري,21 د. حسن عبد القادر - مصر الجديدة,+201020665030,https://wa.me/201020665030?text=%D9%85%D8%B1%D8%AD%D8%A8%D9%8B%D8%A7%20%F0%9F%91%8B%20%D9%85%D8%B9%D8%A7%D9%83%D9%85%20%D9%81%D8%B1%D9%8A%D9%82%20%D9%85%D8%B6%D9%85%D9%88%D9%86%D8%A9%20%28madmonacairo.com%29%20%E2%80%94%20%D9%85%D9%86%D8%B5%D8%A9%20%D9%85%D8%B5%D8%B1%20%D8%A7%D9%84%D8%AC%D8%AF%D9%8A%D8%AF%D8%A9%20%D9%84%D9%84%D8%B9%D9%82%D8%A7%D8%B1%D8%A7%D8%AA%20%D9%88%D8%A7%D9%84%D9%85%D8%B7%D8%A7%D8%B9%D9%85%20%D9%88%D8%A7%D9%84%D8%AE%D8%AF%D9%85%D8%A7%D8%AA.%0A%D8%B9%D9%86%D8%AF%D9%86%D8%A7%20%22%D8%A7%D9%84%D9%85%D8%A7%D8%B1%D8%AF%22%20%F0%9F%A7%9E%E2%80%8D%E2%99%82%EF%B8%8F%20%D9%85%D8%B3%D8%A7%D8%B9%D8%AF%20%D8%B0%D9%83%D8%A7%D8%A1%20%D8%A7%D8%B5%D8%B7%D9%86%D8%A7%D8%B9%D9%8A%D8%8C%20%D8%A3%D9%8A%20%D8%AD%D8%AF%20%D9%8A%D8%B3%D8%A3%D9%84%D9%87%20%D8%B9%D9%86%20%D9%85%D8%B7%D8%B9%D9%85%20%D9%8A%D9%82%D8%B9%D8%AF%20%D9%81%D9%8A%D9%87%20%D8%A3%D9%88%20%D8%B9%D9%82%D8%A7%D8%B1%20%D9%8A%D8%B3%D8%AA%D8%A3%D8%AC%D8%B1%D9%87/%D9%8A%D8%B4%D8%AA%D8%B1%D9%8A%D9%87%20%D9%81%D9%8A%20%D8%A7%D9%84%D9%85%D9%86%D8%B7%D9%82%D8%A9%D8%8C%20%D8%A8%D9%8A%D8%B1%D8%B4%D8%AD%D9%84%D9%87%20%D8%A7%D9%84%D9%85%D8%AD%D9%84%D8%A7%D8%AA%20%D9%88%D8%A7%D9%84%D8%B9%D9%82%D8%A7%D8%B1%D8%A7%D8%AA%20%D8%A7%D9%84%D9%85%D8%B3%D8%AC%D9%84%D8%A9%20%D8%B9%D9%86%D8%AF%D9%86%D8%A7%20%D9%81%D9%88%D8%B1%D9%8B%D8%A7.%0A%D9%84%D9%88%20%D8%AD%D8%A7%D8%A8%D9%8A%D9%86%20%D9%85%D8%AD%D9%84%D9%83%D9%85%20%D9%8A%D8%A8%D9%82%D9%89%20%D9%85%D9%86%20%D8%B6%D9%85%D9%86%20%D8%AA%D8%B1%D8%B4%D9%8A%D8%AD%D8%A7%D8%AA%20%D8%A7%D9%84%D9%85%D8%A7%D8%B1%D8%AF%20%D9%85%D8%AC%D8%A7%D9%86%D9%8B%D8%A7%D8%8C%20%D8%AC%D8%B1%D8%A8%D9%88%D9%87%20%D8%A8%D9%86%D9%81%D8%B3%D9%83%D9%85%20%D8%AF%D9%84%D9%88%D9%82%D8%AA%D9%8A%3A%20https%3A//t.me/Madmona_bot%0A%D9%83%D9%84%D9%85%D9%88%D9%86%D8%A7%20%D9%84%D9%88%20%D8%AD%D8%A7%D8%A8%D9%8A%D9%86%20%D8%AA%D8%AA%D8%B3%D8%AC%D9%84%D9%88%D8%A7%20%F0%9F%99%8F,dalil140.com (رقم موبايل ظاهر)
عقارات,وجهة للتطوير العقاري (Wejhat Development),90 حسن مأمون - مصر الجديدة,+201006724218,https://wa.me/201006724218?text=%D9%85%D8%B1%D8%AD%D8%A8%D9%8B%D8%A7%20%F0%9F%91%8B%20%D9%85%D8%B9%D8%A7%D9%83%D9%85%20%D9%81%D8%B1%D9%8A%D9%82%20%D9%85%D8%B6%D9%85%D9%88%D9%86%D8%A9%20%28madmonacairo.com%29%20%E2%80%94%20%D9%85%D9%86%D8%B5%D8%A9%20%D9%85%D8%B5%D8%B1%20%D8%A7%D9%84%D8%AC%D8%AF%D9%8A%D8%AF%D8%A9%20%D9%84%D9%84%D8%B9%D9%82%D8%A7%D8%B1%D8%A7%D8%AA%20%D9%88%D8%A7%D9%84%D9%85%D8%B7%D8%A7%D8%B9%D9%85%20%D9%88%D8%A7%D9%84%D8%AE%D8%AF%D9%85%D8%A7%D8%AA.%0A%D8%B9%D9%86%D8%AF%D9%86%D8%A7%20%22%D8%A7%D9%84%D9%85%D8%A7%D8%B1%D8%AF%22%20%F0%9F%A7%9E%E2%80%8D%E2%99%82%EF%B8%8F%20%D9%85%D8%B3%D8%A7%D8%B9%D8%AF%20%D8%B0%D9%83%D8%A7%D8%A1%20%D8%A7%D8%B5%D8%B7%D9%86%D8%A7%D8%B9%D9%8A%D8%8C%20%D8%A3%D9%8A%20%D8%AD%D8%AF%20%D9%8A%D8%B3%D8%A3%D9%84%D9%87%20%D8%B9%D9%86%20%D9%85%D8%B7%D8%B9%D9%85%20%D9%8A%D9%82%D8%B9%D8%AF%20%D9%81%D9%8A%D9%87%20%D8%A3%D9%88%20%D8%B9%D9%82%D8%A7%D8%B1%20%D9%8A%D8%B3%D8%AA%D8%A3%D8%AC%D8%B1%D9%87/%D9%8A%D8%B4%D8%AA%D8%B1%D9%8A%D9%87%20%D9%81%D9%8A%20%D8%A7%D9%84%D9%85%D9%86%D8%B7%D9%82%D8%A9%D8%8C%20%D8%A8%D9%8A%D8%B1%D8%B4%D8%AD%D9%84%D9%87%20%D8%A7%D9%84%D9%85%D8%AD%D9%84%D8%A7%D8%AA%20%D9%88%D8%A7%D9%84%D8%B9%D9%82%D8%A7%D8%B1%D8%A7%D8%AA%20%D8%A7%D9%84%D9%85%D8%B3%D8%AC%D9%84%D8%A9%20%D8%B9%D9%86%D8%AF%D9%86%D8%A7%20%D9%81%D9%88%D8%B1%D9%8B%D8%A7.%0A%D9%84%D9%88%20%D8%AD%D8%A7%D8%A8%D9%8A%D9%86%20%D9%85%D8%AD%D9%84%D9%83%D9%85%20%D9%8A%D8%A8%D9%82%D9%89%20%D9%85%D9%86%20%D8%B6%D9%85%D9%86%20%D8%AA%D8%B1%D8%B4%D9%8A%D8%AD%D8%A7%D8%AA%20%D8%A7%D9%84%D9%85%D8%A7%D8%B1%D8%AF%20%D9%85%D8%AC%D8%A7%D9%86%D9%8B%D8%A7%D8%8C%20%D8%AC%D8%B1%D8%A8%D9%88%D9%87%20%D8%A8%D9%86%D9%81%D8%B3%D9%83%D9%85%20%D8%AF%D9%84%D9%88%D9%82%D8%AA%D9%8A%3A%20https%3A//t.me/Madmona_bot%0A%D9%83%D9%84%D9%85%D9%88%D9%86%D8%A7%20%D9%84%D9%88%20%D8%AD%D8%A7%D8%A8%D9%8A%D9%86%20%D8%AA%D8%AA%D8%B3%D8%AC%D9%84%D9%88%D8%A7%20%F0%9F%99%8F,dalil140.com (رقم موبايل ظاهر)
عقارات,جدران بروبرتي (Judran Property),7 المشير أحمد إسماعيل - مصر الجديدة,+201115469000,https://wa.me/201115469000?text=%D9%85%D8%B1%D8%AD%D8%A8%D9%8B%D8%A7%20%F0%9F%91%8B%20%D9%85%D8%B9%D8%A7%D9%83%D9%85%20%D9%81%D8%B1%D9%8A%D9%82%20%D9%85%D8%B6%D9%85%D9%88%D9%86%D8%A9%20%28madmonacairo.com%29%20%E2%80%94%20%D9%85%D9%86%D8%B5%D8%A9%20%D9%85%D8%B5%D8%B1%20%D8%A7%D9%84%D8%AC%D8%AF%D9%8A%D8%AF%D8%A9%20%D9%84%D9%84%D8%B9%D9%82%D8%A7%D8%B1%D8%A7%D8%AA%20%D9%88%D8%A7%D9%84%D9%85%D8%B7%D8%A7%D8%B9%D9%85%20%D9%88%D8%A7%D9%84%D8%AE%D8%AF%D9%85%D8%A7%D8%AA.%0A%D8%B9%D9%86%D8%AF%D9%86%D8%A7%20%22%D8%A7%D9%84%D9%85%D8%A7%D8%B1%D8%AF%22%20%F0%9F%A7%9E%E2%80%8D%E2%99%82%EF%B8%8F%20%D9%85%D8%B3%D8%A7%D8%B9%D8%AF%20%D8%B0%D9%83%D8%A7%D8%A1%20%D8%A7%D8%B5%D8%B7%D9%86%D8%A7%D8%B9%D9%8A%D8%8C%20%D8%A3%D9%8A%20%D8%AD%D8%AF%20%D9%8A%D8%B3%D8%A3%D9%84%D9%87%20%D8%B9%D9%86%20%D9%85%D8%B7%D8%B9%D9%85%20%D9%8A%D9%82%D8%B9%D8%AF%20%D9%81%D9%8A%D9%87%20%D8%A3%D9%88%20%D8%B9%D9%82%D8%A7%D8%B1%20%D9%8A%D8%B3%D8%AA%D8%A3%D8%AC%D8%B1%D9%87/%D9%8A%D8%B4%D8%AA%D8%B1%D9%8A%D9%87%20%D9%81%D9%8A%20%D8%A7%D9%84%D9%85%D9%86%D8%B7%D9%82%D8%A9%D8%8C%20%D8%A8%D9%8A%D8%B1%D8%B4%D8%AD%D9%84%D9%87%20%D8%A7%D9%84%D9%85%D8%AD%D9%84%D8%A7%D8%AA%20%D9%88%D8%A7%D9%84%D8%B9%D9%82%D8%A7%D8%B1%D8%A7%D8%AA%20%D8%A7%D9%84%D9%85%D8%B3%D8%AC%D9%84%D8%A9%20%D8%B9%D9%86%D8%AF%D9%86%D8%A7%20%D9%81%D9%88%D8%B1%D9%8B%D8%A7.%0A%D9%84%D9%88%20%D8%AD%D8%A7%D8%A8%D9%8A%D9%86%20%D9%85%D8%AD%D9%84%D9%83%D9%85%20%D9%8A%D8%A8%D9%82%D9%89%20%D9%85%D9%86%20%D8%B6%D9%85%D9%86%20%D8%AA%D8%B1%D8%B4%D9%8A%D8%AD%D8%A7%D8%AA%20%D8%A7%D9%84%D9%85%D8%A7%D8%B1%D8%AF%20%D9%85%D8%AC%D8%A7%D9%86%D9%8B%D8%A7%D8%8C%20%D8%AC%D8%B1%D8%A8%D9%88%D9%87%20%D8%A8%D9%86%D9%81%D8%B3%D9%83%D9%85%20%D8%AF%D9%84%D9%88%D9%82%D8%AA%D9%8A%3A%20https%3A//t.me/Madmona_bot%0A%D9%83%D9%84%D9%85%D9%88%D9%86%D8%A7%20%D9%84%D9%88%20%D8%AD%D8%A7%D8%A8%D9%8A%D9%86%20%D8%AA%D8%AA%D8%B3%D8%AC%D9%84%D9%88%D8%A7%20%F0%9F%99%8F,dalil140.com (رقم موبايل ظاهر)
مطعم,كنافة بيكري (Kunafa Bakery),54 ش رمسيس - الدور 4 - روكسي - مصر الجديدة,+201096509738,https://wa.me/201096509738?text=%D9%85%D8%B1%D8%AD%D8%A8%D9%8B%D8%A7%20%F0%9F%91%8B%20%D9%85%D8%B9%D8%A7%D9%83%D9%85%20%D9%81%D8%B1%D9%8A%D9%82%20%D9%85%D8%B6%D9%85%D9%88%D9%86%D8%A9%20%28madmonacairo.com%29%20%E2%80%94%20%D9%85%D9%86%D8%B5%D8%A9%20%D9%85%D8%B5%D8%B1%20%D8%A7%D9%84%D8%AC%D8%AF%D9%8A%D8%AF%D8%A9%20%D9%84%D9%84%D8%B9%D9%82%D8%A7%D8%B1%D8%A7%D8%AA%20%D9%88%D8%A7%D9%84%D9%85%D8%B7%D8%A7%D8%B9%D9%85%20%D9%88%D8%A7%D9%84%D8%AE%D8%AF%D9%85%D8%A7%D8%AA.%0A%D8%B9%D9%86%D8%AF%D9%86%D8%A7%20%22%D8%A7%D9%84%D9%85%D8%A7%D8%B1%D8%AF%22%20%F0%9F%A7%9E%E2%80%8D%E2%99%82%EF%B8%8F%20%D9%85%D8%B3%D8%A7%D8%B9%D8%AF%20%D8%B0%D9%83%D8%A7%D8%A1%20%D8%A7%D8%B5%D8%B7%D9%86%D8%A7%D8%B9%D9%8A%D8%8C%20%D8%A3%D9%8A%20%D8%AD%D8%AF%20%D9%8A%D8%B3%D8%A3%D9%84%D9%87%20%D8%B9%D9%86%20%D9%85%D8%B7%D8%B9%D9%85%20%D9%8A%D9%82%D8%B9%D8%AF%20%D9%81%D9%8A%D9%87%20%D8%A3%D9%88%20%D8%B9%D9%82%D8%A7%D8%B1%20%D9%8A%D8%B3%D8%AA%D8%A3%D8%AC%D8%B1%D9%87/%D9%8A%D8%B4%D8%AA%D8%B1%D9%8A%D9%87%20%D9%81%D9%8A%20%D8%A7%D9%84%D9%85%D9%86%D8%B7%D9%82%D8%A9%D8%8C%20%D8%A8%D9%8A%D8%B1%D8%B4%D8%AD%D9%84%D9%87%20%D8%A7%D9%84%D9%85%D8%AD%D9%84%D8%A7%D8%AA%20%D9%88%D8%A7%D9%84%D8%B9%D9%82%D8%A7%D8%B1%D8%A7%D8%AA%20%D8%A7%D9%84%D9%85%D8%B3%D8%AC%D9%84%D8%A9%20%D8%B9%D9%86%D8%AF%D9%86%D8%A7%20%D9%81%D9%88%D8%B1%D9%8B%D8%A7.%0A%D9%84%D9%88%20%D8%AD%D8%A7%D8%A8%D9%8A%D9%86%20%D9%85%D8%AD%D9%84%D9%83%D9%85%20%D9%8A%D8%A8%D9%82%D9%89%20%D9%85%D9%86%20%D8%B6%D9%85%D9%86%20%D8%AA%D8%B1%D8%B4%D9%8A%D8%AD%D8%A7%D8%AA%20%D8%A7%D9%84%D9%85%D8%A7%D8%B1%D8%AF%20%D9%85%D8%AC%D8%A7%D9%86%D9%8B%D8%A7%D8%8C%20%D8%AC%D8%B1%D8%A8%D9%88%D9%87%20%D8%A8%D9%86%D9%81%D8%B3%D9%83%D9%85%20%D8%AF%D9%84%D9%88%D9%82%D8%AA%D9%8A%3A%20https%3A//t.me/Madmona_bot%0A%D9%83%D9%84%D9%85%D9%88%D9%86%D8%A7%20%D9%84%D9%88%20%D8%AD%D8%A7%D8%A8%D9%8A%D9%86%20%D8%AA%D8%AA%D8%B3%D8%AC%D9%84%D9%88%D8%A7%20%F0%9F%99%8F,بحث ويب (رقم موبايل ظاهر)
مطعم,Bistro Heliopolis,33 Omar Ibn El-Khattab - مصر الجديدة,+201200007090,https://wa.me/201200007090?text=%D9%85%D8%B1%D8%AD%D8%A8%D9%8B%D8%A7%20%F0%9F%91%8B%20%D9%85%D8%B9%D8%A7%D9%83%D9%85%20%D9%81%D8%B1%D9%8A%D9%82%20%D9%85%D8%B6%D9%85%D9%88%D9%86%D8%A9%20%28madmonacairo.com%29%20%E2%80%94%20%D9%85%D9%86%D8%B5%D8%A9%20%D9%85%D8%B5%D8%B1%20%D8%A7%D9%84%D8%AC%D8%AF%D9%8A%D8%AF%D8%A9%20%D9%84%D9%84%D8%B9%D9%82%D8%A7%D8%B1%D8%A7%D8%AA%20%D9%88%D8%A7%D9%84%D9%85%D8%B7%D8%A7%D8%B9%D9%85%20%D9%88%D8%A7%D9%84%D8%AE%D8%AF%D9%85%D8%A7%D8%AA.%0A%D8%B9%D9%86%D8%AF%D9%86%D8%A7%20%22%D8%A7%D9%84%D9%85%D8%A7%D8%B1%D8%AF%22%20%F0%9F%A7%9E%E2%80%8D%E2%99%82%EF%B8%8F%20%D9%85%D8%B3%D8%A7%D8%B9%D8%AF%20%D8%B0%D9%83%D8%A7%D8%A1%20%D8%A7%D8%B5%D8%B7%D9%86%D8%A7%D8%B9%D9%8A%D8%8C%20%D8%A3%D9%8A%20%D8%AD%D8%AF%20%D9%8A%D8%B3%D8%A3%D9%84%D9%87%20%D8%B9%D9%86%20%D9%85%D8%B7%D8%B9%D9%85%20%D9%8A%D9%82%D8%B9%D8%AF%20%D9%81%D9%8A%D9%87%20%D8%A3%D9%88%20%D8%B9%D9%82%D8%A7%D8%B1%20%D9%8A%D8%B3%D8%AA%D8%A3%D8%AC%D8%B1%D9%87/%D9%8A%D8%B4%D8%AA%D8%B1%D9%8A%D9%87%20%D9%81%D9%8A%20%D8%A7%D9%84%D9%85%D9%86%D8%B7%D9%82%D8%A9%D8%8C%20%D8%A8%D9%8A%D8%B1%D8%B4%D8%AD%D9%84%D9%87%20%D8%A7%D9%84%D9%85%D8%AD%D9%84%D8%A7%D8%AA%20%D9%88%D8%A7%D9%84%D8%B9%D9%82%D8%A7%D8%B1%D8%A7%D8%AA%20%D8%A7%D9%84%D9%85%D8%B3%D8%AC%D9%84%D8%A9%20%D8%B9%D9%86%D8%AF%D9%86%D8%A7%20%D9%81%D9%88%D8%B1%D9%8B%D8%A7.%0A%D9%84%D9%88%20%D8%AD%D8%A7%D8%A8%D9%8A%D9%86%20%D9%85%D8%AD%D9%84%D9%83%D9%85%20%D9%8A%D8%A8%D9%82%D9%89%20%D9%85%D9%86%20%D8%B6%D9%85%D9%86%20%D8%AA%D8%B1%D8%B4%D9%8A%D8%AD%D8%A7%D8%AA%20%D8%A7%D9%84%D9%85%D8%A7%D8%B1%D8%AF%20%D9%85%D8%AC%D8%A7%D9%86%D9%8B%D8%A7%D8%8C%20%D8%AC%D8%B1%D8%A8%D9%88%D9%87%20%D8%A8%D9%86%D9%81%D8%B3%D9%83%D9%85%20%D8%AF%D9%84%D9%88%D9%82%D8%AA%D9%8A%3A%20https%3A//t.me/Madmona_bot%0A%D9%83%D9%84%D9%85%D9%88%D9%86%D8%A7%20%D9%84%D9%88%20%D8%AD%D8%A7%D8%A8%D9%8A%D9%86%20%D8%AA%D8%AA%D8%B3%D8%AC%D9%84%D9%88%D8%A7%20%F0%9F%99%8F,قاعدة بيانات مضمونة (ليد سابق - كان already contacted)
مطعم,BOSCO Restaurant & Cafe,Mohammed Abd El-Hady - مصر الجديدة,+201028400844,https://wa.me/201028400844?text=%D9%85%D8%B1%D8%AD%D8%A8%D9%8B%D8%A7%20%F0%9F%91%8B%20%D9%85%D8%B9%D8%A7%D9%83%D9%85%20%D9%81%D8%B1%D9%8A%D9%82%20%D9%85%D8%B6%D9%85%D9%88%D9%86%D8%A9%20%28madmonacairo.com%29%20%E2%80%94%20%D9%85%D9%86%D8%B5%D8%A9%20%D9%85%D8%B5%D8%B1%20%D8%A7%D9%84%D8%AC%D8%AF%D9%8A%D8%AF%D8%A9%20%D9%84%D9%84%D8%B9%D9%82%D8%A7%D8%B1%D8%A7%D8%AA%20%D9%88%D8%A7%D9%84%D9%85%D8%B7%D8%A7%D8%B9%D9%85%20%D9%88%D8%A7%D9%84%D8%AE%D8%AF%D9%85%D8%A7%D8%AA.%0A%D8%B9%D9%86%D8%AF%D9%86%D8%A7%20%22%D8%A7%D9%84%D9%85%D8%A7%D8%B1%D8%AF%22%20%F0%9F%A7%9E%E2%80%8D%E2%99%82%EF%B8%8F%20%D9%85%D8%B3%D8%A7%D8%B9%D8%AF%20%D8%B0%D9%83%D8%A7%D8%A1%20%D8%A7%D8%B5%D8%B7%D9%86%D8%A7%D8%B9%D9%8A%D8%8C%20%D8%A3%D9%8A%20%D8%AD%D8%AF%20%D9%8A%D8%B3%D8%A3%D9%84%D9%87%20%D8%B9%D9%86%20%D9%85%D8%B7%D8%B9%D9%85%20%D9%8A%D9%82%D8%B9%D8%AF%20%D9%81%D9%8A%D9%87%20%D8%A3%D9%88%20%D8%B9%D9%82%D8%A7%D8%B1%20%D9%8A%D8%B3%D8%AA%D8%A3%D8%AC%D8%B1%D9%87/%D9%8A%D8%B4%D8%AA%D8%B1%D9%8A%D9%87%20%D9%81%D9%8A%20%D8%A7%D9%84%D9%85%D9%86%D8%B7%D9%82%D8%A9%D8%8C%20%D8%A8%D9%8A%D8%B1%D8%B4%D8%AD%D9%84%D9%87%20%D8%A7%D9%84%D9%85%D8%AD%D9%84%D8%A7%D8%AA%20%D9%88%D8%A7%D9%84%D8%B9%D9%82%D8%A7%D8%B1%D8%A7%D8%AA%20%D8%A7%D9%84%D9%85%D8%B3%D8%AC%D9%84%D8%A9%20%D8%B9%D9%86%D8%AF%D9%86%D8%A7%20%D9%81%D9%88%D8%B1%D9%8B%D8%A7.%0A%D9%84%D9%88%20%D8%AD%D8%A7%D8%A8%D9%8A%D9%86%20%D9%85%D8%AD%D9%84%D9%83%D9%85%20%D9%8A%D8%A8%D9%82%D9%89%20%D9%85%D9%86%20%D8%B6%D9%85%D9%86%20%D8%AA%D8%B1%D8%B4%D9%8A%D8%AD%D8%A7%D8%AA%20%D8%A7%D9%84%D9%85%D8%A7%D8%B1%D8%AF%20%D9%85%D8%AC%D8%A7%D9%86%D9%8B%D8%A7%D8%8C%20%D8%AC%D8%B1%D8%A8%D9%88%D9%87%20%D8%A8%D9%86%D9%81%D8%B3%D9%83%D9%85%20%D8%AF%D9%84%D9%88%D9%82%D8%AA%D9%8A%3A%20https%3A//t.me/Madmona_bot%0A%D9%83%D9%84%D9%85%D9%88%D9%86%D8%A7%20%D9%84%D9%88%20%D8%AD%D8%A7%D8%A8%D9%8A%D9%86%20%D8%AA%D8%AA%D8%B3%D8%AC%D9%84%D9%88%D8%A7%20%F0%9F%99%8F,قاعدة بيانات مضمونة (ليد سابق - كان already contacted)
مطعم,Cai.Brew,"14 Baghdad, Korba - مصر الجديدة",+201030787900,https://wa.me/201030787900?text=%D9%85%D8%B1%D8%AD%D8%A8%D9%8B%D8%A7%20%F0%9F%91%8B%20%D9%85%D8%B9%D8%A7%D9%83%D9%85%20%D9%81%D8%B1%D9%8A%D9%82%20%D9%85%D8%B6%D9%85%D9%88%D9%86%D8%A9%20%28madmonacairo.com%29%20%E2%80%94%20%D9%85%D9%86%D8%B5%D8%A9%20%D9%85%D8%B5%D8%B1%20%D8%A7%D9%84%D8%AC%D8%AF%D9%8A%D8%AF%D8%A9%20%D9%84%D9%84%D8%B9%D9%82%D8%A7%D8%B1%D8%A7%D8%AA%20%D9%88%D8%A7%D9%84%D9%85%D8%B7%D8%A7%D8%B9%D9%85%20%D9%88%D8%A7%D9%84%D8%AE%D8%AF%D9%85%D8%A7%D8%AA.%0A%D8%B9%D9%86%D8%AF%D9%86%D8%A7%20%22%D8%A7%D9%84%D9%85%D8%A7%D8%B1%D8%AF%22%20%F0%9F%A7%9E%E2%80%8D%E2%99%82%EF%B8%8F%20%D9%85%D8%B3%D8%A7%D8%B9%D8%AF%20%D8%B0%D9%83%D8%A7%D8%A1%20%D8%A7%D8%B5%D8%B7%D9%86%D8%A7%D8%B9%D9%8A%D8%8C%20%D8%A3%D9%8A%20%D8%AD%D8%AF%20%D9%8A%D8%B3%D8%A3%D9%84%D9%87%20%D8%B9%D9%86%20%D9%85%D8%B7%D8%B9%D9%85%20%D9%8A%D9%82%D8%B9%D8%AF%20%D9%81%D9%8A%D9%87%20%D8%A3%D9%88%20%D8%B9%D9%82%D8%A7%D8%B1%20%D9%8A%D8%B3%D8%AA%D8%A3%D8%AC%D8%B1%D9%87/%D9%8A%D8%B4%D8%AA%D8%B1%D9%8A%D9%87%20%D9%81%D9%8A%20%D8%A7%D9%84%D9%85%D9%86%D8%B7%D9%82%D8%A9%D8%8C%20%D8%A8%D9%8A%D8%B1%D8%B4%D8%AD%D9%84%D9%87%20%D8%A7%D9%84%D9%85%D8%AD%D9%84%D8%A7%D8%AA%20%D9%88%D8%A7%D9%84%D8%B9%D9%82%D8%A7%D8%B1%D8%A7%D8%AA%20%D8%A7%D9%84%D9%85%D8%B3%D8%AC%D9%84%D8%A9%20%D8%B9%D9%86%D8%AF%D9%86%D8%A7%20%D9%81%D9%88%D8%B1%D9%8B%D8%A7.%0A%D9%84%D9%88%20%D8%AD%D8%A7%D8%A8%D9%8A%D9%86%20%D9%85%D8%AD%D9%84%D9%83%D9%85%20%D9%8A%D8%A8%D9%82%D9%89%20%D9%85%D9%86%20%D8%B6%D9%85%D9%86%20%D8%AA%D8%B1%D8%B4%D9%8A%D8%AD%D8%A7%D8%AA%20%D8%A7%D9%84%D9%85%D8%A7%D8%B1%D8%AF%20%D9%85%D8%AC%D8%A7%D9%86%D9%8B%D8%A7%D8%8C%20%D8%AC%D8%B1%D8%A8%D9%88%D9%87%20%D8%A8%D9%86%D9%81%D8%B3%D9%83%D9%85%20%D8%AF%D9%84%D9%88%D9%82%D8%AA%D9%8A%3A%20https%3A//t.me/Madmona_bot%0A%D9%83%D9%84%D9%85%D9%88%D9%86%D8%A7%20%D9%84%D9%88%20%D8%AD%D8%A7%D8%A8%D9%8A%D9%86%20%D8%AA%D8%AA%D8%B3%D8%AC%D9%84%D9%88%D8%A7%20%F0%9F%99%8F,قاعدة بيانات مضمونة (ليد سابق - كان already contacted)
مطعم,Charlie's Korba,"13 El-Thawra St, Korba - مصر الجديدة",+201552735204,https://wa.me/201552735204?text=%D9%85%D8%B1%D8%AD%D8%A8%D9%8B%D8%A7%20%F0%9F%91%8B%20%D9%85%D8%B9%D8%A7%D9%83%D9%85%20%D9%81%D8%B1%D9%8A%D9%82%20%D9%85%D8%B6%D9%85%D9%88%D9%86%D8%A9%20%28madmonacairo.com%29%20%E2%80%94%20%D9%85%D9%86%D8%B5%D8%A9%20%D9%85%D8%B5%D8%B1%20%D8%A7%D9%84%D8%AC%D8%AF%D9%8A%D8%AF%D8%A9%20%D9%84%D9%84%D8%B9%D9%82%D8%A7%D8%B1%D8%A7%D8%AA%20%D9%88%D8%A7%D9%84%D9%85%D8%B7%D8%A7%D8%B9%D9%85%20%D9%88%D8%A7%D9%84%D8%AE%D8%AF%D9%85%D8%A7%D8%AA.%0A%D8%B9%D9%86%D8%AF%D9%86%D8%A7%20%22%D8%A7%D9%84%D9%85%D8%A7%D8%B1%D8%AF%22%20%F0%9F%A7%9E%E2%80%8D%E2%99%82%EF%B8%8F%20%D9%85%D8%B3%D8%A7%D8%B9%D8%AF%20%D8%B0%D9%83%D8%A7%D8%A1%20%D8%A7%D8%B5%D8%B7%D9%86%D8%A7%D8%B9%D9%8A%D8%8C%20%D8%A3%D9%8A%20%D8%AD%D8%AF%20%D9%8A%D8%B3%D8%A3%D9%84%D9%87%20%D8%B9%D9%86%20%D9%85%D8%B7%D8%B9%D9%85%20%D9%8A%D9%82%D8%B9%D8%AF%20%D9%81%D9%8A%D9%87%20%D8%A3%D9%88%20%D8%B9%D9%82%D8%A7%D8%B1%20%D9%8A%D8%B3%D8%AA%D8%A3%D8%AC%D8%B1%D9%87/%D9%8A%D8%B4%D8%AA%D8%B1%D9%8A%D9%87%20%D9%81%D9%8A%20%D8%A7%D9%84%D9%85%D9%86%D8%B7%D9%82%D8%A9%D8%8C%20%D8%A8%D9%8A%D8%B1%D8%B4%D8%AD%D9%84%D9%87%20%D8%A7%D9%84%D9%85%D8%AD%D9%84%D8%A7%D8%AA%20%D9%88%D8%A7%D9%84%D8%B9%D9%82%D8%A7%D8%B1%D8%A7%D8%AA%20%D8%A7%D9%84%D9%85%D8%B3%D8%AC%D9%84%D8%A9%20%D8%B9%D9%86%D8%AF%D9%86%D8%A7%20%D9%81%D9%88%D8%B1%D9%8B%D8%A7.%0A%D9%84%D9%88%20%D8%AD%D8%A7%D8%A8%D9%8A%D9%86%20%D9%85%D8%AD%D9%84%D9%83%D9%85%20%D9%8A%D8%A8%D9%82%D9%89%20%D9%85%D9%86%20%D8%B6%D9%85%D9%86%20%D8%AA%D8%B1%D8%B4%D9%8A%D8%AD%D8%A7%D8%AA%20%D8%A7%D9%84%D9%85%D8%A7%D8%B1%D8%AF%20%D9%85%D8%AC%D8%A7%D9%86%D9%8B%D8%A7%D8%8C%20%D8%AC%D8%B1%D8%A8%D9%88%D9%87%20%D8%A8%D9%86%D9%81%D8%B3%D9%83%D9%85%20%D8%AF%D9%84%D9%88%D9%82%D8%AA%D9%8A%3A%20https%3A//t.me/Madmona_bot%0A%D9%83%D9%84%D9%85%D9%88%D9%86%D8%A7%20%D9%84%D9%88%20%D8%AD%D8%A7%D8%A8%D9%8A%D9%86%20%D8%AA%D8%AA%D8%B3%D8%AC%D9%84%D9%88%D8%A7%20%F0%9F%99%8F,قاعدة بيانات مضمونة (ليد سابق - كان already contacted)
مطعم,Clay Restaurant,"17 El-Thawra, Korba - مصر الجديدة",+201275851769,https://wa.me/201275851769?text=%D9%85%D8%B1%D8%AD%D8%A8%D9%8B%D8%A7%20%F0%9F%91%8B%20%D9%85%D8%B9%D8%A7%D9%83%D9%85%20%D9%81%D8%B1%D9%8A%D9%82%20%D9%85%D8%B6%D9%85%D9%88%D9%86%D8%A9%20%28madmonacairo.com%29%20%E2%80%94%20%D9%85%D9%86%D8%B5%D8%A9%20%D9%85%D8%B5%D8%B1%20%D8%A7%D9%84%D8%AC%D8%AF%D9%8A%D8%AF%D8%A9%20%D9%84%D9%84%D8%B9%D9%82%D8%A7%D8%B1%D8%A7%D8%AA%20%D9%88%D8%A7%D9%84%D9%85%D8%B7%D8%A7%D8%B9%D9%85%20%D9%88%D8%A7%D9%84%D8%AE%D8%AF%D9%85%D8%A7%D8%AA.%0A%D8%B9%D9%86%D8%AF%D9%86%D8%A7%20%22%D8%A7%D9%84%D9%85%D8%A7%D8%B1%D8%AF%22%20%F0%9F%A7%9E%E2%80%8D%E2%99%82%EF%B8%8F%20%D9%85%D8%B3%D8%A7%D8%B9%D8%AF%20%D8%B0%D9%83%D8%A7%D8%A1%20%D8%A7%D8%B5%D8%B7%D9%86%D8%A7%D8%B9%D9%8A%D8%8C%20%D8%A3%D9%8A%20%D8%AD%D8%AF%20%D9%8A%D8%B3%D8%A3%D9%84%D9%87%20%D8%B9%D9%86%20%D9%85%D8%B7%D8%B9%D9%85%20%D9%8A%D9%82%D8%B9%D8%AF%20%D9%81%D9%8A%D9%87%20%D8%A3%D9%88%20%D8%B9%D9%82%D8%A7%D8%B1%20%D9%8A%D8%B3%D8%AA%D8%A3%D8%AC%D8%B1%D9%87/%D9%8A%D8%B4%D8%AA%D8%B1%D9%8A%D9%87%20%D9%81%D9%8A%20%D8%A7%D9%84%D9%85%D9%86%D8%B7%D9%82%D8%A9%D8%8C%20%D8%A8%D9%8A%D8%B1%D8%B4%D8%AD%D9%84%D9%87%20%D8%A7%D9%84%D9%85%D8%AD%D9%84%D8%A7%D8%AA%20%D9%88%D8%A7%D9%84%D8%B9%D9%82%D8%A7%D8%B1%D8%A7%D8%AA%20%D8%A7%D9%84%D9%85%D8%B3%D8%AC%D9%84%D8%A9%20%D8%B9%D9%86%D8%AF%D9%86%D8%A7%20%D9%81%D9%88%D8%B1%D9%8B%D8%A7.%0A%D9%84%D9%88%20%D8%AD%D8%A7%D8%A8%D9%8A%D9%86%20%D9%85%D8%AD%D9%84%D9%83%D9%85%20%D9%8A%D8%A8%D9%82%D9%89%20%D9%85%D9%86%20%D8%B6%D9%85%D9%86%20%D8%AA%D8%B1%D8%B4%D9%8A%D8%AD%D8%A7%D8%AA%20%D8%A7%D9%84%D9%85%D8%A7%D8%B1%D8%AF%20%D9%85%D8%AC%D8%A7%D9%86%D9%8B%D8%A7%D8%8C%20%D8%AC%D8%B1%D8%A8%D9%88%D9%87%20%D8%A8%D9%86%D9%81%D8%B3%D9%83%D9%85%20%D8%AF%D9%84%D9%88%D9%82%D8%AA%D9%8A%3A%20https%3A//t.me/Madmona_bot%0A%D9%83%D9%84%D9%85%D9%88%D9%86%D8%A7%20%D9%84%D9%88%20%D8%AD%D8%A7%D8%A8%D9%8A%D9%86%20%D8%AA%D8%AA%D8%B3%D8%AC%D9%84%D9%88%D8%A7%20%F0%9F%99%8F,قاعدة بيانات مضمونة (ليد سابق - كان already contacted)
مطعم,Garcia Restaurant & Cafe,"5 Baghdad St, Korba - مصر الجديدة",+201550057533,https://wa.me/201550057533?text=%D9%85%D8%B1%D8%AD%D8%A8%D9%8B%D8%A7%20%F0%9F%91%8B%20%D9%85%D8%B9%D8%A7%D9%83%D9%85%20%D9%81%D8%B1%D9%8A%D9%82%20%D9%85%D8%B6%D9%85%D9%88%D9%86%D8%A9%20%28madmonacairo.com%29%20%E2%80%94%20%D9%85%D9%86%D8%B5%D8%A9%20%D9%85%D8%B5%D8%B1%20%D8%A7%D9%84%D8%AC%D8%AF%D9%8A%D8%AF%D8%A9%20%D9%84%D9%84%D8%B9%D9%82%D8%A7%D8%B1%D8%A7%D8%AA%20%D9%88%D8%A7%D9%84%D9%85%D8%B7%D8%A7%D8%B9%D9%85%20%D9%88%D8%A7%D9%84%D8%AE%D8%AF%D9%85%D8%A7%D8%AA.%0A%D8%B9%D9%86%D8%AF%D9%86%D8%A7%20%22%D8%A7%D9%84%D9%85%D8%A7%D8%B1%D8%AF%22%20%F0%9F%A7%9E%E2%80%8D%E2%99%82%EF%B8%8F%20%D9%85%D8%B3%D8%A7%D8%B9%D8%AF%20%D8%B0%D9%83%D8%A7%D8%A1%20%D8%A7%D8%B5%D8%B7%D9%86%D8%A7%D8%B9%D9%8A%D8%8C%20%D8%A3%D9%8A%20%D8%AD%D8%AF%20%D9%8A%D8%B3%D8%A3%D9%84%D9%87%20%D8%B9%D9%86%20%D9%85%D8%B7%D8%B9%D9%85%20%D9%8A%D9%82%D8%B9%D8%AF%20%D9%81%D9%8A%D9%87%20%D8%A3%D9%88%20%D8%B9%D9%82%D8%A7%D8%B1%20%D9%8A%D8%B3%D8%AA%D8%A3%D8%AC%D8%B1%D9%87/%D9%8A%D8%B4%D8%AA%D8%B1%D9%8A%D9%87%20%D9%81%D9%8A%20%D8%A7%D9%84%D9%85%D9%86%D8%B7%D9%82%D8%A9%D8%8C%20%D8%A8%D9%8A%D8%B1%D8%B4%D8%AD%D9%84%D9%87%20%D8%A7%D9%84%D9%85%D8%AD%D9%84%D8%A7%D8%AA%20%D9%88%D8%A7%D9%84%D8%B9%D9%82%D8%A7%D8%B1%D8%A7%D8%AA%20%D8%A7%D9%84%D9%85%D8%B3%D8%AC%D9%84%D8%A9%20%D8%B9%D9%86%D8%AF%D9%86%D8%A7%20%D9%81%D9%88%D8%B1%D9%8B%D8%A7.%0A%D9%84%D9%88%20%D8%AD%D8%A7%D8%A8%D9%8A%D9%86%20%D9%85%D8%AD%D9%84%D9%83%D9%85%20%D9%8A%D8%A8%D9%82%D9%89%20%D9%85%D9%86%20%D8%B6%D9%85%D9%86%20%D8%AA%D8%B1%D8%B4%D9%8A%D8%AD%D8%A7%D8%AA%20%D8%A7%D9%84%D9%85%D8%A7%D8%B1%D8%AF%20%D9%85%D8%AC%D8%A7%D9%86%D9%8B%D8%A7%D8%8C%20%D8%AC%D8%B1%D8%A8%D9%88%D9%87%20%D8%A8%D9%86%D9%81%D8%B3%D9%83%D9%85%20%D8%AF%D9%84%D9%88%D9%82%D8%AA%D9%8A%3A%20https%3A//t.me/Madmona_bot%0A%D9%83%D9%84%D9%85%D9%88%D9%86%D8%A7%20%D9%84%D9%88%20%D8%AD%D8%A7%D8%A8%D9%8A%D9%86%20%D8%AA%D8%AA%D8%B3%D8%AC%D9%84%D9%88%D8%A7%20%F0%9F%99%8F,قاعدة بيانات مضمونة (ليد سابق - كان already contacted)
مطعم,Hookah Merghany,116 El-Sayed El-Merghany - مصر الجديدة,+201208711180,https://wa.me/201208711180?text=%D9%85%D8%B1%D8%AD%D8%A8%D9%8B%D8%A7%20%F0%9F%91%8B%20%D9%85%D8%B9%D8%A7%D9%83%D9%85%20%D9%81%D8%B1%D9%8A%D9%82%20%D9%85%D8%B6%D9%85%D9%88%D9%86%D8%A9%20%28madmonacairo.com%29%20%E2%80%94%20%D9%85%D9%86%D8%B5%D8%A9%20%D9%85%D8%B5%D8%B1%20%D8%A7%D9%84%D8%AC%D8%AF%D9%8A%D8%AF%D8%A9%20%D9%84%D9%84%D8%B9%D9%82%D8%A7%D8%B1%D8%A7%D8%AA%20%D9%88%D8%A7%D9%84%D9%85%D8%B7%D8%A7%D8%B9%D9%85%20%D9%88%D8%A7%D9%84%D8%AE%D8%AF%D9%85%D8%A7%D8%AA.%0A%D8%B9%D9%86%D8%AF%D9%86%D8%A7%20%22%D8%A7%D9%84%D9%85%D8%A7%D8%B1%D8%AF%22%20%F0%9F%A7%9E%E2%80%8D%E2%99%82%EF%B8%8F%20%D9%85%D8%B3%D8%A7%D8%B9%D8%AF%20%D8%B0%D9%83%D8%A7%D8%A1%20%D8%A7%D8%B5%D8%B7%D9%86%D8%A7%D8%B9%D9%8A%D8%8C%20%D8%A3%D9%8A%20%D8%AD%D8%AF%20%D9%8A%D8%B3%D8%A3%D9%84%D9%87%20%D8%B9%D9%86%20%D9%85%D8%B7%D8%B9%D9%85%20%D9%8A%D9%82%D8%B9%D8%AF%20%D9%81%D9%8A%D9%87%20%D8%A3%D9%88%20%D8%B9%D9%82%D8%A7%D8%B1%20%D9%8A%D8%B3%D8%AA%D8%A3%D8%AC%D8%B1%D9%87/%D9%8A%D8%B4%D8%AA%D8%B1%D9%8A%D9%87%20%D9%81%D9%8A%20%D8%A7%D9%84%D9%85%D9%86%D8%B7%D9%82%D8%A9%D8%8C%20%D8%A8%D9%8A%D8%B1%D8%B4%D8%AD%D9%84%D9%87%20%D8%A7%D9%84%D9%85%D8%AD%D9%84%D8%A7%D8%AA%20%D9%88%D8%A7%D9%84%D8%B9%D9%82%D8%A7%D8%B1%D8%A7%D8%AA%20%D8%A7%D9%84%D9%85%D8%B3%D8%AC%D9%84%D8%A9%20%D8%B9%D9%86%D8%AF%D9%86%D8%A7%20%D9%81%D9%88%D8%B1%D9%8B%D8%A7.%0A%D9%84%D9%88%20%D8%AD%D8%A7%D8%A8%D9%8A%D9%86%20%D9%85%D8%AD%D9%84%D9%83%D9%85%20%D9%8A%D8%A8%D9%82%D9%89%20%D9%85%D9%86%20%D8%B6%D9%85%D9%86%20%D8%AA%D8%B1%D8%B4%D9%8A%D8%AD%D8%A7%D8%AA%20%D8%A7%D9%84%D9%85%D8%A7%D8%B1%D8%AF%20%D9%85%D8%AC%D8%A7%D9%86%D9%8B%D8%A7%D8%8C%20%D8%AC%D8%B1%D8%A8%D9%88%D9%87%20%D8%A8%D9%86%D9%81%D8%B3%D9%83%D9%85%20%D8%AF%D9%84%D9%88%D9%82%D8%AA%D9%8A%3A%20https%3A//t.me/Madmona_bot%0A%D9%83%D9%84%D9%85%D9%88%D9%86%D8%A7%20%D9%84%D9%88%20%D8%AD%D8%A7%D8%A8%D9%8A%D9%86%20%D8%AA%D8%AA%D8%B3%D8%AC%D9%84%D9%88%D8%A7%20%F0%9F%99%8F,قاعدة بيانات مضمونة (ليد سابق - كان already contacted)
مطعم,Le Pacha 1901 Heliopolis,"58 Beirut St, Almazah - مصر الجديدة",+201207198887,https://wa.me/201207198887?text=%D9%85%D8%B1%D8%AD%D8%A8%D9%8B%D8%A7%20%F0%9F%91%8B%20%D9%85%D8%B9%D8%A7%D9%83%D9%85%20%D9%81%D8%B1%D9%8A%D9%82%20%D9%85%D8%B6%D9%85%D9%88%D9%86%D8%A9%20%28madmonacairo.com%29%20%E2%80%94%20%D9%85%D9%86%D8%B5%D8%A9%20%D9%85%D8%B5%D8%B1%20%D8%A7%D9%84%D8%AC%D8%AF%D9%8A%D8%AF%D8%A9%20%D9%84%D9%84%D8%B9%D9%82%D8%A7%D8%B1%D8%A7%D8%AA%20%D9%88%D8%A7%D9%84%D9%85%D8%B7%D8%A7%D8%B9%D9%85%20%D9%88%D8%A7%D9%84%D8%AE%D8%AF%D9%85%D8%A7%D8%AA.%0A%D8%B9%D9%86%D8%AF%D9%86%D8%A7%20%22%D8%A7%D9%84%D9%85%D8%A7%D8%B1%D8%AF%22%20%F0%9F%A7%9E%E2%80%8D%E2%99%82%EF%B8%8F%20%D9%85%D8%B3%D8%A7%D8%B9%D8%AF%20%D8%B0%D9%83%D8%A7%D8%A1%20%D8%A7%D8%B5%D8%B7%D9%86%D8%A7%D8%B9%D9%8A%D8%8C%20%D8%A3%D9%8A%20%D8%AD%D8%AF%20%D9%8A%D8%B3%D8%A3%D9%84%D9%87%20%D8%B9%D9%86%20%D9%85%D8%B7%D8%B9%D9%85%20%D9%8A%D9%82%D8%B9%D8%AF%20%D9%81%D9%8A%D9%87%20%D8%A3%D9%88%20%D8%B9%D9%82%D8%A7%D8%B1%20%D9%8A%D8%B3%D8%AA%D8%A3%D8%AC%D8%B1%D9%87/%D9%8A%D8%B4%D8%AA%D8%B1%D9%8A%D9%87%20%D9%81%D9%8A%20%D8%A7%D9%84%D9%85%D9%86%D8%B7%D9%82%D8%A9%D8%8C%20%D8%A8%D9%8A%D8%B1%D8%B4%D8%AD%D9%84%D9%87%20%D8%A7%D9%84%D9%85%D8%AD%D9%84%D8%A7%D8%AA%20%D9%88%D8%A7%D9%84%D8%B9%D9%82%D8%A7%D8%B1%D8%A7%D8%AA%20%D8%A7%D9%84%D9%85%D8%B3%D8%AC%D9%84%D8%A9%20%D8%B9%D9%86%D8%AF%D9%86%D8%A7%20%D9%81%D9%88%D8%B1%D9%8B%D8%A7.%0A%D9%84%D9%88%20%D8%AD%D8%A7%D8%A8%D9%8A%D9%86%20%D9%85%D8%AD%D9%84%D9%83%D9%85%20%D9%8A%D8%A8%D9%82%D9%89%20%D9%85%D9%86%20%D8%B6%D9%85%D9%86%20%D8%AA%D8%B1%D8%B4%D9%8A%D8%AD%D8%A7%D8%AA%20%D8%A7%D9%84%D9%85%D8%A7%D8%B1%D8%AF%20%D9%85%D8%AC%D8%A7%D9%86%D9%8B%D8%A7%D8%8C%20%D8%AC%D8%B1%D8%A8%D9%88%D9%87%20%D8%A8%D9%86%D9%81%D8%B3%D9%83%D9%85%20%D8%AF%D9%84%D9%88%D9%82%D8%AA%D9%8A%3A%20https%3A//t.me/Madmona_bot%0A%D9%83%D9%84%D9%85%D9%88%D9%86%D8%A7%20%D9%84%D9%88%20%D8%AD%D8%A7%D8%A8%D9%8A%D9%86%20%D8%AA%D8%AA%D8%B3%D8%AC%D9%84%D9%88%D8%A7%20%F0%9F%99%8F,قاعدة بيانات مضمونة (ليد سابق - كان already contacted)
مطعم,Pepenero Korba,"18 Baghdad St, Korba - مصر الجديدة",+201010101342,https://wa.me/201010101342?text=%D9%85%D8%B1%D8%AD%D8%A8%D9%8B%D8%A7%20%F0%9F%91%8B%20%D9%85%D8%B9%D8%A7%D9%83%D9%85%20%D9%81%D8%B1%D9%8A%D9%82%20%D9%85%D8%B6%D9%85%D9%88%D9%86%D8%A9%20%28madmonacairo.com%29%20%E2%80%94%20%D9%85%D9%86%D8%B5%D8%A9%20%D9%85%D8%B5%D8%B1%20%D8%A7%D9%84%D8%AC%D8%AF%D9%8A%D8%AF%D8%A9%20%D9%84%D9%84%D8%B9%D9%82%D8%A7%D8%B1%D8%A7%D8%AA%20%D9%88%D8%A7%D9%84%D9%85%D8%B7%D8%A7%D8%B9%D9%85%20%D9%88%D8%A7%D9%84%D8%AE%D8%AF%D9%85%D8%A7%D8%AA.%0A%D8%B9%D9%86%D8%AF%D9%86%D8%A7%20%22%D8%A7%D9%84%D9%85%D8%A7%D8%B1%D8%AF%22%20%F0%9F%A7%9E%E2%80%8D%E2%99%82%EF%B8%8F%20%D9%85%D8%B3%D8%A7%D8%B9%D8%AF%20%D8%B0%D9%83%D8%A7%D8%A1%20%D8%A7%D8%B5%D8%B7%D9%86%D8%A7%D8%B9%D9%8A%D8%8C%20%D8%A3%D9%8A%20%D8%AD%D8%AF%20%D9%8A%D8%B3%D8%A3%D9%84%D9%87%20%D8%B9%D9%86%20%D9%85%D8%B7%D8%B9%D9%85%20%D9%8A%D9%82%D8%B9%D8%AF%20%D9%81%D9%8A%D9%87%20%D8%A3%D9%88%20%D8%B9%D9%82%D8%A7%D8%B1%20%D9%8A%D8%B3%D8%AA%D8%A3%D8%AC%D8%B1%D9%87/%D9%8A%D8%B4%D8%AA%D8%B1%D9%8A%D9%87%20%D9%81%D9%8A%20%D8%A7%D9%84%D9%85%D9%86%D8%B7%D9%82%D8%A9%D8%8C%20%D8%A8%D9%8A%D8%B1%D8%B4%D8%AD%D9%84%D9%87%20%D8%A7%D9%84%D9%85%D8%AD%D9%84%D8%A7%D8%AA%20%D9%88%D8%A7%D9%84%D8%B9%D9%82%D8%A7%D8%B1%D8%A7%D8%AA%20%D8%A7%D9%84%D9%85%D8%B3%D8%AC%D9%84%D8%A9%20%D8%B9%D9%86%D8%AF%D9%86%D8%A7%20%D9%81%D9%88%D8%B1%D9%8B%D8%A7.%0A%D9%84%D9%88%20%D8%AD%D8%A7%D8%A8%D9%8A%D9%86%20%D9%85%D8%AD%D9%84%D9%83%D9%85%20%D9%8A%D8%A8%D9%82%D9%89%20%D9%85%D9%86%20%D8%B6%D9%85%D9%86%20%D8%AA%D8%B1%D8%B4%D9%8A%D8%AD%D8%A7%D8%AA%20%D8%A7%D9%84%D9%85%D8%A7%D8%B1%D8%AF%20%D9%85%D8%AC%D8%A7%D9%86%D9%8B%D8%A7%D8%8C%20%D8%AC%D8%B1%D8%A8%D9%88%D9%87%20%D8%A8%D9%86%D9%81%D8%B3%D9%83%D9%85%20%D8%AF%D9%84%D9%88%D9%82%D8%AA%D9%8A%3A%20https%3A//t.me/Madmona_bot%0A%D9%83%D9%84%D9%85%D9%88%D9%86%D8%A7%20%D9%84%D9%88%20%D8%AD%D8%A7%D8%A8%D9%8A%D9%86%20%D8%AA%D8%AA%D8%B3%D8%AC%D9%84%D9%88%D8%A7%20%F0%9F%99%8F,قاعدة بيانات مضمونة (ليد سابق - كان already contacted)
مطعم,SACHI Heliopolis,3 Cleopatra St - مصر الجديدة,+201280902028,https://wa.me/201280902028?text=%D9%85%D8%B1%D8%AD%D8%A8%D9%8B%D8%A7%20%F0%9F%91%8B%20%D9%85%D8%B9%D8%A7%D9%83%D9%85%20%D9%81%D8%B1%D9%8A%D9%82%20%D9%85%D8%B6%D9%85%D9%88%D9%86%D8%A9%20%28madmonacairo.com%29%20%E2%80%94%20%D9%85%D9%86%D8%B5%D8%A9%20%D9%85%D8%B5%D8%B1%20%D8%A7%D9%84%D8%AC%D8%AF%D9%8A%D8%AF%D8%A9%20%D9%84%D9%84%D8%B9%D9%82%D8%A7%D8%B1%D8%A7%D8%AA%20%D9%88%D8%A7%D9%84%D9%85%D8%B7%D8%A7%D8%B9%D9%85%20%D9%88%D8%A7%D9%84%D8%AE%D8%AF%D9%85%D8%A7%D8%AA.%0A%D8%B9%D9%86%D8%AF%D9%86%D8%A7%20%22%D8%A7%D9%84%D9%85%D8%A7%D8%B1%D8%AF%22%20%F0%9F%A7%9E%E2%80%8D%E2%99%82%EF%B8%8F%20%D9%85%D8%B3%D8%A7%D8%B9%D8%AF%20%D8%B0%D9%83%D8%A7%D8%A1%20%D8%A7%D8%B5%D8%B7%D9%86%D8%A7%D8%B9%D9%8A%D8%8C%20%D8%A3%D9%8A%20%D8%AD%D8%AF%20%D9%8A%D8%B3%D8%A3%D9%84%D9%87%20%D8%B9%D9%86%20%D9%85%D8%B7%D8%B9%D9%85%20%D9%8A%D9%82%D8%B9%D8%AF%20%D9%81%D9%8A%D9%87%20%D8%A3%D9%88%20%D8%B9%D9%82%D8%A7%D8%B1%20%D9%8A%D8%B3%D8%AA%D8%A3%D8%AC%D8%B1%D9%87/%D9%8A%D8%B4%D8%AA%D8%B1%D9%8A%D9%87%20%D9%81%D9%8A%20%D8%A7%D9%84%D9%85%D9%86%D8%B7%D9%82%D8%A9%D8%8C%20%D8%A8%D9%8A%D8%B1%D8%B4%D8%AD%D9%84%D9%87%20%D8%A7%D9%84%D9%85%D8%AD%D9%84%D8%A7%D8%AA%20%D9%88%D8%A7%D9%84%D8%B9%D9%82%D8%A7%D8%B1%D8%A7%D8%AA%20%D8%A7%D9%84%D9%85%D8%B3%D8%AC%D9%84%D8%A9%20%D8%B9%D9%86%D8%AF%D9%86%D8%A7%20%D9%81%D9%88%D8%B1%D9%8B%D8%A7.%0A%D9%84%D9%88%20%D8%AD%D8%A7%D8%A8%D9%8A%D9%86%20%D9%85%D8%AD%D9%84%D9%83%D9%85%20%D9%8A%D8%A8%D9%82%D9%89%20%D9%85%D9%86%20%D8%B6%D9%85%D9%86%20%D8%AA%D8%B1%D8%B4%D9%8A%D8%AD%D8%A7%D8%AA%20%D8%A7%D9%84%D9%85%D8%A7%D8%B1%D8%AF%20%D9%85%D8%AC%D8%A7%D9%86%D9%8B%D8%A7%D8%8C%20%D8%AC%D8%B1%D8%A8%D9%88%D9%87%20%D8%A8%D9%86%D9%81%D8%B3%D9%83%D9%85%20%D8%AF%D9%84%D9%88%D9%82%D8%AA%D9%8A%3A%20https%3A//t.me/Madmona_bot%0A%D9%83%D9%84%D9%85%D9%88%D9%86%D8%A7%20%D9%84%D9%88%20%D8%AD%D8%A7%D8%A8%D9%8A%D9%86%20%D8%AA%D8%AA%D8%B3%D8%AC%D9%84%D9%88%D8%A7%20%F0%9F%99%8F,قاعدة بيانات مضمونة (ليد سابق - كان already contacted)
مطعم,The Smokery Heliopolis,"58 Beirut, Almazah - مصر الجديدة",+201286830199,https://wa.me/201286830199?text=%D9%85%D8%B1%D8%AD%D8%A8%D9%8B%D8%A7%20%F0%9F%91%8B%20%D9%85%D8%B9%D8%A7%D9%83%D9%85%20%D9%81%D8%B1%D9%8A%D9%82%20%D9%85%D8%B6%D9%85%D9%88%D9%86%D8%A9%20%28madmonacairo.com%29%20%E2%80%94%20%D9%85%D9%86%D8%B5%D8%A9%20%D9%85%D8%B5%D8%B1%20%D8%A7%D9%84%D8%AC%D8%AF%D9%8A%D8%AF%D8%A9%20%D9%84%D9%84%D8%B9%D9%82%D8%A7%D8%B1%D8%A7%D8%AA%20%D9%88%D8%A7%D9%84%D9%85%D8%B7%D8%A7%D8%B9%D9%85%20%D9%88%D8%A7%D9%84%D8%AE%D8%AF%D9%85%D8%A7%D8%AA.%0A%D8%B9%D9%86%D8%AF%D9%86%D8%A7%20%22%D8%A7%D9%84%D9%85%D8%A7%D8%B1%D8%AF%22%20%F0%9F%A7%9E%E2%80%8D%E2%99%82%EF%B8%8F%20%D9%85%D8%B3%D8%A7%D8%B9%D8%AF%20%D8%B0%D9%83%D8%A7%D8%A1%20%D8%A7%D8%B5%D8%B7%D9%86%D8%A7%D8%B9%D9%8A%D8%8C%20%D8%A3%D9%8A%20%D8%AD%D8%AF%20%D9%8A%D8%B3%D8%A3%D9%84%D9%87%20%D8%B9%D9%86%20%D9%85%D8%B7%D8%B9%D9%85%20%D9%8A%D9%82%D8%B9%D8%AF%20%D9%81%D9%8A%D9%87%20%D8%A3%D9%88%20%D8%B9%D9%82%D8%A7%D8%B1%20%D9%8A%D8%B3%D8%AA%D8%A3%D8%AC%D8%B1%D9%87/%D9%8A%D8%B4%D8%AA%D8%B1%D9%8A%D9%87%20%D9%81%D9%8A%20%D8%A7%D9%84%D9%85%D9%86%D8%B7%D9%82%D8%A9%D8%8C%20%D8%A8%D9%8A%D8%B1%D8%B4%D8%AD%D9%84%D9%87%20%D8%A7%D9%84%D9%85%D8%AD%D9%84%D8%A7%D8%AA%20%D9%88%D8%A7%D9%84%D8%B9%D9%82%D8%A7%D8%B1%D8%A7%D8%AA%20%D8%A7%D9%84%D9%85%D8%B3%D8%AC%D9%84%D8%A9%20%D8%B9%D9%86%D8%AF%D9%86%D8%A7%20%D9%81%D9%88%D8%B1%D9%8B%D8%A7.%0A%D9%84%D9%88%20%D8%AD%D8%A7%D8%A8%D9%8A%D9%86%20%D9%85%D8%AD%D9%84%D9%83%D9%85%20%D9%8A%D8%A8%D9%82%D9%89%20%D9%85%D9%86%20%D8%B6%D9%85%D9%86%20%D8%AA%D8%B1%D8%B4%D9%8A%D8%AD%D8%A7%D8%AA%20%D8%A7%D9%84%D9%85%D8%A7%D8%B1%D8%AF%20%D9%85%D8%AC%D8%A7%D9%86%D9%8B%D8%A7%D8%8C%20%D8%AC%D8%B1%D8%A8%D9%88%D9%87%20%D8%A8%D9%86%D9%81%D8%B3%D9%83%D9%85%20%D8%AF%D9%84%D9%88%D9%82%D8%AA%D9%8A%3A%20https%3A//t.me/Madmona_bot%0A%D9%83%D9%84%D9%85%D9%88%D9%86%D8%A7%20%D9%84%D9%88%20%D8%AD%D8%A7%D8%A8%D9%8A%D9%86%20%D8%AA%D8%AA%D8%B3%D8%AC%D9%84%D9%88%D8%A7%20%F0%9F%99%8F,قاعدة بيانات مضمونة (ليد سابق - كان already contacted)
مطعم,Tree Trunk,"9 El-Thawra St, Korba - مصر الجديدة",+201153466893,https://wa.me/201153466893?text=%D9%85%D8%B1%D8%AD%D8%A8%D9%8B%D8%A7%20%F0%9F%91%8B%20%D9%85%D8%B9%D8%A7%D9%83%D9%85%20%D9%81%D8%B1%D9%8A%D9%82%20%D9%85%D8%B6%D9%85%D9%88%D9%86%D8%A9%20%28madmonacairo.com%29%20%E2%80%94%20%D9%85%D9%86%D8%B5%D8%A9%20%D9%85%D8%B5%D8%B1%20%D8%A7%D9%84%D8%AC%D8%AF%D9%8A%D8%AF%D8%A9%20%D9%84%D9%84%D8%B9%D9%82%D8%A7%D8%B1%D8%A7%D8%AA%20%D9%88%D8%A7%D9%84%D9%85%D8%B7%D8%A7%D8%B9%D9%85%20%D9%88%D8%A7%D9%84%D8%AE%D8%AF%D9%85%D8%A7%D8%AA.%0A%D8%B9%D9%86%D8%AF%D9%86%D8%A7%20%22%D8%A7%D9%84%D9%85%D8%A7%D8%B1%D8%AF%22%20%F0%9F%A7%9E%E2%80%8D%E2%99%82%EF%B8%8F%20%D9%85%D8%B3%D8%A7%D8%B9%D8%AF%20%D8%B0%D9%83%D8%A7%D8%A1%20%D8%A7%D8%B5%D8%B7%D9%86%D8%A7%D8%B9%D9%8A%D8%8C%20%D8%A3%D9%8A%20%D8%AD%D8%AF%20%D9%8A%D8%B3%D8%A3%D9%84%D9%87%20%D8%B9%D9%86%20%D9%85%D8%B7%D8%B9%D9%85%20%D9%8A%D9%82%D8%B9%D8%AF%20%D9%81%D9%8A%D9%87%20%D8%A3%D9%88%20%D8%B9%D9%82%D8%A7%D8%B1%20%D9%8A%D8%B3%D8%AA%D8%A3%D8%AC%D8%B1%D9%87/%D9%8A%D8%B4%D8%AA%D8%B1%D9%8A%D9%87%20%D9%81%D9%8A%20%D8%A7%D9%84%D9%85%D9%86%D8%B7%D9%82%D8%A9%D8%8C%20%D8%A8%D9%8A%D8%B1%D8%B4%D8%AD%D9%84%D9%87%20%D8%A7%D9%84%D9%85%D8%AD%D9%84%D8%A7%D8%AA%20%D9%88%D8%A7%D9%84%D8%B9%D9%82%D8%A7%D8%B1%D8%A7%D8%AA%20%D8%A7%D9%84%D9%85%D8%B3%D8%AC%D9%84%D8%A9%20%D8%B9%D9%86%D8%AF%D9%86%D8%A7%20%D9%81%D9%88%D8%B1%D9%8B%D8%A7.%0A%D9%84%D9%88%20%D8%AD%D8%A7%D8%A8%D9%8A%D9%86%20%D9%85%D8%AD%D9%84%D9%83%D9%85%20%D9%8A%D8%A8%D9%82%D9%89%20%D9%85%D9%86%20%D8%B6%D9%85%D9%86%20%D8%AA%D8%B1%D8%B4%D9%8A%D8%AD%D8%A7%D8%AA%20%D8%A7%D9%84%D9%85%D8%A7%D8%B1%D8%AF%20%D9%85%D8%AC%D8%A7%D9%86%D9%8B%D8%A7%D8%8C%20%D8%AC%D8%B1%D8%A8%D9%88%D9%87%20%D8%A8%D9%86%D9%81%D8%B3%D9%83%D9%85%20%D8%AF%D9%84%D9%88%D9%82%D8%AA%D9%8A%3A%20https%3A//t.me/Madmona_bot%0A%D9%83%D9%84%D9%85%D9%88%D9%86%D8%A7%20%D9%84%D9%88%20%D8%AD%D8%A7%D8%A8%D9%8A%D9%86%20%D8%AA%D8%AA%D8%B3%D8%AC%D9%84%D9%88%D8%A7%20%F0%9F%99%8F,قاعدة بيانات مضمونة (ليد سابق - كان already contacted)
عقارات,TIRA Workspace (مساحة عمل مشتركة),5 Al Sawra St - مصر الجديدة,+20221506090,https://wa.me/20221506090?text=%D9%85%D8%B1%D8%AD%D8%A8%D9%8B%D8%A7%20%F0%9F%91%8B%20%D9%85%D8%B9%D8%A7%D9%83%D9%85%20%D9%81%D8%B1%D9%8A%D9%82%20%D9%85%D8%B6%D9%85%D9%88%D9%86%D8%A9%20%28madmonacairo.com%29%20%E2%80%94%20%D9%85%D9%86%D8%B5%D8%A9%20%D9%85%D8%B5%D8%B1%20%D8%A7%D9%84%D8%AC%D8%AF%D9%8A%D8%AF%D8%A9%20%D9%84%D9%84%D8%B9%D9%82%D8%A7%D8%B1%D8%A7%D8%AA%20%D9%88%D8%A7%D9%84%D9%85%D8%B7%D8%A7%D8%B9%D9%85%20%D9%88%D8%A7%D9%84%D8%AE%D8%AF%D9%85%D8%A7%D8%AA.%0A%D8%B9%D9%86%D8%AF%D9%86%D8%A7%20%22%D8%A7%D9%84%D9%85%D8%A7%D8%B1%D8%AF%22%20%F0%9F%A7%9E%E2%80%8D%E2%99%82%EF%B8%8F%20%D9%85%D8%B3%D8%A7%D8%B9%D8%AF%20%D8%B0%D9%83%D8%A7%D8%A1%20%D8%A7%D8%B5%D8%B7%D9%86%D8%A7%D8%B9%D9%8A%D8%8C%20%D8%A3%D9%8A%20%D8%AD%D8%AF%20%D9%8A%D8%B3%D8%A3%D9%84%D9%87%20%D8%B9%D9%86%20%D9%85%D8%B7%D8%B9%D9%85%20%D9%8A%D9%82%D8%B9%D8%AF%20%D9%81%D9%8A%D9%87%20%D8%A3%D9%88%20%D8%B9%D9%82%D8%A7%D8%B1%20%D9%8A%D8%B3%D8%AA%D8%A3%D8%AC%D8%B1%D9%87/%D9%8A%D8%B4%D8%AA%D8%B1%D9%8A%D9%87%20%D9%81%D9%8A%20%D8%A7%D9%84%D9%85%D9%86%D8%B7%D9%82%D8%A9%D8%8C%20%D8%A8%D9%8A%D8%B1%D8%B4%D8%AD%D9%84%D9%87%20%D8%A7%D9%84%D9%85%D8%AD%D9%84%D8%A7%D8%AA%20%D9%88%D8%A7%D9%84%D8%B9%D9%82%D8%A7%D8%B1%D8%A7%D8%AA%20%D8%A7%D9%84%D9%85%D8%B3%D8%AC%D9%84%D8%A9%20%D8%B9%D9%86%D8%AF%D9%86%D8%A7%20%D9%81%D9%88%D8%B1%D9%8B%D8%A7.%0A%D9%84%D9%88%20%D8%AD%D8%A7%D8%A8%D9%8A%D9%86%20%D9%85%D8%AD%D9%84%D9%83%D9%85%20%D9%8A%D8%A8%D9%82%D9%89%20%D9%85%D9%86%20%D8%B6%D9%85%D9%86%20%D8%AA%D8%B1%D8%B4%D9%8A%D8%AD%D8%A7%D8%AA%20%D8%A7%D9%84%D9%85%D8%A7%D8%B1%D8%AF%20%D9%85%D8%AC%D8%A7%D9%86%D9%8B%D8%A7%D8%8C%20%D8%AC%D8%B1%D8%A8%D9%88%D9%87%20%D8%A8%D9%86%D9%81%D8%B3%D9%83%D9%85%20%D8%AF%D9%84%D9%88%D9%82%D8%AA%D9%8A%3A%20https%3A//t.me/Madmona_bot%0A%D9%83%D9%84%D9%85%D9%88%D9%86%D8%A7%20%D9%84%D9%88%20%D8%AD%D8%A7%D8%A8%D9%8A%D9%86%20%D8%AA%D8%AA%D8%B3%D8%AC%D9%84%D9%88%D8%A7%20%F0%9F%99%8F,قاعدة بيانات مضمونة (ليد سابق - كان already contacted)
عقارات,شقة للإيجار/البيع - مصر الجديدة,مصر الجديدة,+201034787976,https://wa.me/201034787976?text=%D9%85%D8%B1%D8%AD%D8%A8%D9%8B%D8%A7%20%F0%9F%91%8B%20%D9%85%D8%B9%D8%A7%D9%83%D9%85%20%D9%81%D8%B1%D9%8A%D9%82%20%D9%85%D8%B6%D9%85%D9%88%D9%86%D8%A9%20%28madmonacairo.com%29%20%E2%80%94%20%D9%85%D9%86%D8%B5%D8%A9%20%D9%85%D8%B5%D8%B1%20%D8%A7%D9%84%D8%AC%D8%AF%D9%8A%D8%AF%D8%A9%20%D9%84%D9%84%D8%B9%D9%82%D8%A7%D8%B1%D8%A7%D8%AA%20%D9%88%D8%A7%D9%84%D9%85%D8%B7%D8%A7%D8%B9%D9%85%20%D9%88%D8%A7%D9%84%D8%AE%D8%AF%D9%85%D8%A7%D8%AA.%0A%D8%B9%D9%86%D8%AF%D9%86%D8%A7%20%22%D8%A7%D9%84%D9%85%D8%A7%D8%B1%D8%AF%22%20%F0%9F%A7%9E%E2%80%8D%E2%99%82%EF%B8%8F%20%D9%85%D8%B3%D8%A7%D8%B9%D8%AF%20%D8%B0%D9%83%D8%A7%D8%A1%20%D8%A7%D8%B5%D8%B7%D9%86%D8%A7%D8%B9%D9%8A%D8%8C%20%D8%A3%D9%8A%20%D8%AD%D8%AF%20%D9%8A%D8%B3%D8%A3%D9%84%D9%87%20%D8%B9%D9%86%20%D9%85%D8%B7%D8%B9%D9%85%20%D9%8A%D9%82%D8%B9%D8%AF%20%D9%81%D9%8A%D9%87%20%D8%A3%D9%88%20%D8%B9%D9%82%D8%A7%D8%B1%20%D9%8A%D8%B3%D8%AA%D8%A3%D8%AC%D8%B1%D9%87/%D9%8A%D8%B4%D8%AA%D8%B1%D9%8A%D9%87%20%D9%81%D9%8A%20%D8%A7%D9%84%D9%85%D9%86%D8%B7%D9%82%D8%A9%D8%8C%20%D8%A8%D9%8A%D8%B1%D8%B4%D8%AD%D9%84%D9%87%20%D8%A7%D9%84%D9%85%D8%AD%D9%84%D8%A7%D8%AA%20%D9%88%D8%A7%D9%84%D8%B9%D9%82%D8%A7%D8%B1%D8%A7%D8%AA%20%D8%A7%D9%84%D9%85%D8%B3%D8%AC%D9%84%D8%A9%20%D8%B9%D9%86%D8%AF%D9%86%D8%A7%20%D9%81%D9%88%D8%B1%D9%8B%D8%A7.%0A%D9%84%D9%88%20%D8%AD%D8%A7%D8%A8%D9%8A%D9%86%20%D9%85%D8%AD%D9%84%D9%83%D9%85%20%D9%8A%D8%A8%D9%82%D9%89%20%D9%85%D9%86%20%D8%B6%D9%85%D9%86%20%D8%AA%D8%B1%D8%B4%D9%8A%D8%AD%D8%A7%D8%AA%20%D8%A7%D9%84%D9%85%D8%A7%D8%B1%D8%AF%20%D9%85%D8%AC%D8%A7%D9%86%D9%8B%D8%A7%D8%8C%20%D8%AC%D8%B1%D8%A8%D9%88%D9%87%20%D8%A8%D9%86%D9%81%D8%B3%D9%83%D9%85%20%D8%AF%D9%84%D9%88%D9%82%D8%AA%D9%8A%3A%20https%3A//t.me/Madmona_bot%0A%D9%83%D9%84%D9%85%D9%88%D9%86%D8%A7%20%D9%84%D9%88%20%D8%AD%D8%A7%D8%A8%D9%8A%D9%86%20%D8%AA%D8%AA%D8%B3%D8%AC%D9%84%D9%88%D8%A7%20%F0%9F%99%8F,قاعدة بيانات مضمونة (ليد سابق - كان already contacted)
عقارات,شقة للإيجار/البيع - مصر الجديدة,مصر الجديدة,+201112180388,https://wa.me/201112180388?text=%D9%85%D8%B1%D8%AD%D8%A8%D9%8B%D8%A7%20%F0%9F%91%8B%20%D9%85%D8%B9%D8%A7%D9%83%D9%85%20%D9%81%D8%B1%D9%8A%D9%82%20%D9%85%D8%B6%D9%85%D9%88%D9%86%D8%A9%20%28madmonacairo.com%29%20%E2%80%94%20%D9%85%D9%86%D8%B5%D8%A9%20%D9%85%D8%B5%D8%B1%20%D8%A7%D9%84%D8%AC%D8%AF%D9%8A%D8%AF%D8%A9%20%D9%84%D9%84%D8%B9%D9%82%D8%A7%D8%B1%D8%A7%D8%AA%20%D9%88%D8%A7%D9%84%D9%85%D8%B7%D8%A7%D8%B9%D9%85%20%D9%88%D8%A7%D9%84%D8%AE%D8%AF%D9%85%D8%A7%D8%AA.%0A%D8%B9%D9%86%D8%AF%D9%86%D8%A7%20%22%D8%A7%D9%84%D9%85%D8%A7%D8%B1%D8%AF%22%20%F0%9F%A7%9E%E2%80%8D%E2%99%82%EF%B8%8F%20%D9%85%D8%B3%D8%A7%D8%B9%D8%AF%20%D8%B0%D9%83%D8%A7%D8%A1%20%D8%A7%D8%B5%D8%B7%D9%86%D8%A7%D8%B9%D9%8A%D8%8C%20%D8%A3%D9%8A%20%D8%AD%D8%AF%20%D9%8A%D8%B3%D8%A3%D9%84%D9%87%20%D8%B9%D9%86%20%D9%85%D8%B7%D8%B9%D9%85%20%D9%8A%D9%82%D8%B9%D8%AF%20%D9%81%D9%8A%D9%87%20%D8%A3%D9%88%20%D8%B9%D9%82%D8%A7%D8%B1%20%D9%8A%D8%B3%D8%AA%D8%A3%D8%AC%D8%B1%D9%87/%D9%8A%D8%B4%D8%AA%D8%B1%D9%8A%D9%87%20%D9%81%D9%8A%20%D8%A7%D9%84%D9%85%D9%86%D8%B7%D9%82%D8%A9%D8%8C%20%D8%A8%D9%8A%D8%B1%D8%B4%D8%AD%D9%84%D9%87%20%D8%A7%D9%84%D9%85%D8%AD%D9%84%D8%A7%D8%AA%20%D9%88%D8%A7%D9%84%D8%B9%D9%82%D8%A7%D8%B1%D8%A7%D8%AA%20%D8%A7%D9%84%D9%85%D8%B3%D8%AC%D9%84%D8%A9%20%D8%B9%D9%86%D8%AF%D9%86%D8%A7%20%D9%81%D9%88%D8%B1%D9%8B%D8%A7.%0A%D9%84%D9%88%20%D8%AD%D8%A7%D8%A8%D9%8A%D9%86%20%D9%85%D8%AD%D9%84%D9%83%D9%85%20%D9%8A%D8%A8%D9%82%D9%89%20%D9%85%D9%86%20%D8%B6%D9%85%D9%86%20%D8%AA%D8%B1%D8%B4%D9%8A%D8%AD%D8%A7%D8%AA%20%D8%A7%D9%84%D9%85%D8%A7%D8%B1%D8%AF%20%D9%85%D8%AC%D8%A7%D9%86%D9%8B%D8%A7%D8%8C%20%D8%AC%D8%B1%D8%A8%D9%88%D9%87%20%D8%A8%D9%86%D9%81%D8%B3%D9%83%D9%85%20%D8%AF%D9%84%D9%88%D9%82%D8%AA%D9%8A%3A%20https%3A//t.me/Madmona_bot%0A%D9%83%D9%84%D9%85%D9%88%D9%86%D8%A7%20%D9%84%D9%88%20%D8%AD%D8%A7%D8%A8%D9%8A%D9%86%20%D8%AA%D8%AA%D8%B3%D8%AC%D9%84%D9%88%D8%A7%20%F0%9F%99%8F,قاعدة بيانات مضمونة (ليد سابق - كان already contacted)
عقارات,شقة للإيجار/البيع - مصر الجديدة,مصر الجديدة,+201040474017,https://wa.me/201040474017?text=%D9%85%D8%B1%D8%AD%D8%A8%D9%8B%D8%A7%20%F0%9F%91%8B%20%D9%85%D8%B9%D8%A7%D9%83%D9%85%20%D9%81%D8%B1%D9%8A%D9%82%20%D9%85%D8%B6%D9%85%D9%88%D9%86%D8%A9%20%28madmonacairo.com%29%20%E2%80%94%20%D9%85%D9%86%D8%B5%D8%A9%20%D9%85%D8%B5%D8%B1%20%D8%A7%D9%84%D8%AC%D8%AF%D9%8A%D8%AF%D8%A9%20%D9%84%D9%84%D8%B9%D9%82%D8%A7%D8%B1%D8%A7%D8%AA%20%D9%88%D8%A7%D9%84%D9%85%D8%B7%D8%A7%D8%B9%D9%85%20%D9%88%D8%A7%D9%84%D8%AE%D8%AF%D9%85%D8%A7%D8%AA.%0A%D8%B9%D9%86%D8%AF%D9%86%D8%A7%20%22%D8%A7%D9%84%D9%85%D8%A7%D8%B1%D8%AF%22%20%F0%9F%A7%9E%E2%80%8D%E2%99%82%EF%B8%8F%20%D9%85%D8%B3%D8%A7%D8%B9%D8%AF%20%D8%B0%D9%83%D8%A7%D8%A1%20%D8%A7%D8%B5%D8%B7%D9%86%D8%A7%D8%B9%D9%8A%D8%8C%20%D8%A3%D9%8A%20%D8%AD%D8%AF%20%D9%8A%D8%B3%D8%A3%D9%84%D9%87%20%D8%B9%D9%86%20%D9%85%D8%B7%D8%B9%D9%85%20%D9%8A%D9%82%D8%B9%D8%AF%20%D9%81%D9%8A%D9%87%20%D8%A3%D9%88%20%D8%B9%D9%82%D8%A7%D8%B1%20%D9%8A%D8%B3%D8%AA%D8%A3%D8%AC%D8%B1%D9%87/%D9%8A%D8%B4%D8%AA%D8%B1%D9%8A%D9%87%20%D9%81%D9%8A%20%D8%A7%D9%84%D9%85%D9%86%D8%B7%D9%82%D8%A9%D8%8C%20%D8%A8%D9%8A%D8%B1%D8%B4%D8%AD%D9%84%D9%87%20%D8%A7%D9%84%D9%85%D8%AD%D9%84%D8%A7%D8%AA%20%D9%88%D8%A7%D9%84%D8%B9%D9%82%D8%A7%D8%B1%D8%A7%D8%AA%20%D8%A7%D9%84%D9%85%D8%B3%D8%AC%D9%84%D8%A9%20%D8%B9%D9%86%D8%AF%D9%86%D8%A7%20%D9%81%D9%88%D8%B1%D9%8B%D8%A7.%0A%D9%84%D9%88%20%D8%AD%D8%A7%D8%A8%D9%8A%D9%86%20%D9%85%D8%AD%D9%84%D9%83%D9%85%20%D9%8A%D8%A8%D9%82%D9%89%20%D9%85%D9%86%20%D8%B6%D9%85%D9%86%20%D8%AA%D8%B1%D8%B4%D9%8A%D8%AD%D8%A7%D8%AA%20%D8%A7%D9%84%D9%85%D8%A7%D8%B1%D8%AF%20%D9%85%D8%AC%D8%A7%D9%86%D9%8B%D8%A7%D8%8C%20%D8%AC%D8%B1%D8%A8%D9%88%D9%87%20%D8%A8%D9%86%D9%81%D8%B3%D9%83%D9%85%20%D8%AF%D9%84%D9%88%D9%82%D8%AA%D9%8A%3A%20https%3A//t.me/Madmona_bot%0A%D9%83%D9%84%D9%85%D9%88%D9%86%D8%A7%20%D9%84%D9%88%20%D8%AD%D8%A7%D8%A8%D9%8A%D9%86%20%D8%AA%D8%AA%D8%B3%D8%AC%D9%84%D9%88%D8%A7%20%F0%9F%99%8F,قاعدة بيانات مضمونة (ليد سابق - كان already contacted)
عقارات,شقة للإيجار/البيع - مصر الجديدة,مصر الجديدة,+201010587856,https://wa.me/201010587856?text=%D9%85%D8%B1%D8%AD%D8%A8%D9%8B%D8%A7%20%F0%9F%91%8B%20%D9%85%D8%B9%D8%A7%D9%83%D9%85%20%D9%81%D8%B1%D9%8A%D9%82%20%D9%85%D8%B6%D9%85%D9%88%D9%86%D8%A9%20%28madmonacairo.com%29%20%E2%80%94%20%D9%85%D9%86%D8%B5%D8%A9%20%D9%85%D8%B5%D8%B1%20%D8%A7%D9%84%D8%AC%D8%AF%D9%8A%D8%AF%D8%A9%20%D9%84%D9%84%D8%B9%D9%82%D8%A7%D8%B1%D8%A7%D8%AA%20%D9%88%D8%A7%D9%84%D9%85%D8%B7%D8%A7%D8%B9%D9%85%20%D9%88%D8%A7%D9%84%D8%AE%D8%AF%D9%85%D8%A7%D8%AA.%0A%D8%B9%D9%86%D8%AF%D9%86%D8%A7%20%22%D8%A7%D9%84%D9%85%D8%A7%D8%B1%D8%AF%22%20%F0%9F%A7%9E%E2%80%8D%E2%99%82%EF%B8%8F%20%D9%85%D8%B3%D8%A7%D8%B9%D8%AF%20%D8%B0%D9%83%D8%A7%D8%A1%20%D8%A7%D8%B5%D8%B7%D9%86%D8%A7%D8%B9%D9%8A%D8%8C%20%D8%A3%D9%8A%20%D8%AD%D8%AF%20%D9%8A%D8%B3%D8%A3%D9%84%D9%87%20%D8%B9%D9%86%20%D9%85%D8%B7%D8%B9%D9%85%20%D9%8A%D9%82%D8%B9%D8%AF%20%D9%81%D9%8A%D9%87%20%D8%A3%D9%88%20%D8%B9%D9%82%D8%A7%D8%B1%20%D9%8A%D8%B3%D8%AA%D8%A3%D8%AC%D8%B1%D9%87/%D9%8A%D8%B4%D8%AA%D8%B1%D9%8A%D9%87%20%D9%81%D9%8A%20%D8%A7%D9%84%D9%85%D9%86%D8%B7%D9%82%D8%A9%D8%8C%20%D8%A8%D9%8A%D8%B1%D8%B4%D8%AD%D9%84%D9%87%20%D8%A7%D9%84%D9%85%D8%AD%D9%84%D8%A7%D8%AA%20%D9%88%D8%A7%D9%84%D8%B9%D9%82%D8%A7%D8%B1%D8%A7%D8%AA%20%D8%A7%D9%84%D9%85%D8%B3%D8%AC%D9%84%D8%A9%20%D8%B9%D9%86%D8%AF%D9%86%D8%A7%20%D9%81%D9%88%D8%B1%D9%8B%D8%A7.%0A%D9%84%D9%88%20%D8%AD%D8%A7%D8%A8%D9%8A%D9%86%20%D9%85%D8%AD%D9%84%D9%83%D9%85%20%D9%8A%D8%A8%D9%82%D9%89%20%D9%85%D9%86%20%D8%B6%D9%85%D9%86%20%D8%AA%D8%B1%D8%B4%D9%8A%D8%AD%D8%A7%D8%AA%20%D8%A7%D9%84%D9%85%D8%A7%D8%B1%D8%AF%20%D9%85%D8%AC%D8%A7%D9%86%D9%8B%D8%A7%D8%8C%20%D8%AC%D8%B1%D8%A8%D9%88%D9%87%20%D8%A8%D9%86%D9%81%D8%B3%D9%83%D9%85%20%D8%AF%D9%84%D9%88%D9%82%D8%AA%D9%8A%3A%20https%3A//t.me/Madmona_bot%0A%D9%83%D9%84%D9%85%D9%88%D9%86%D8%A7%20%D9%84%D9%88%20%D8%AD%D8%A7%D8%A8%D9%8A%D9%86%20%D8%AA%D8%AA%D8%B3%D8%AC%D9%84%D9%88%D8%A7%20%F0%9F%99%8F,قاعدة بيانات مضمونة (ليد سابق - كان already contacted)
عقارات,شقة للإيجار/البيع - مصر الجديدة,مصر الجديدة,+201289200293,https://wa.me/201289200293?text=%D9%85%D8%B1%D8%AD%D8%A8%D9%8B%D8%A7%20%F0%9F%91%8B%20%D9%85%D8%B9%D8%A7%D9%83%D9%85%20%D9%81%D8%B1%D9%8A%D9%82%20%D9%85%D8%B6%D9%85%D9%88%D9%86%D8%A9%20%28madmonacairo.com%29%20%E2%80%94%20%D9%85%D9%86%D8%B5%D8%A9%20%D9%85%D8%B5%D8%B1%20%D8%A7%D9%84%D8%AC%D8%AF%D9%8A%D8%AF%D8%A9%20%D9%84%D9%84%D8%B9%D9%82%D8%A7%D8%B1%D8%A7%D8%AA%20%D9%88%D8%A7%D9%84%D9%85%D8%B7%D8%A7%D8%B9%D9%85%20%D9%88%D8%A7%D9%84%D8%AE%D8%AF%D9%85%D8%A7%D8%AA.%0A%D8%B9%D9%86%D8%AF%D9%86%D8%A7%20%22%D8%A7%D9%84%D9%85%D8%A7%D8%B1%D8%AF%22%20%F0%9F%A7%9E%E2%80%8D%E2%99%82%EF%B8%8F%20%D9%85%D8%B3%D8%A7%D8%B9%D8%AF%20%D8%B0%D9%83%D8%A7%D8%A1%20%D8%A7%D8%B5%D8%B7%D9%86%D8%A7%D8%B9%D9%8A%D8%8C%20%D8%A3%D9%8A%20%D8%AD%D8%AF%20%D9%8A%D8%B3%D8%A3%D9%84%D9%87%20%D8%B9%D9%86%20%D9%85%D8%B7%D8%B9%D9%85%20%D9%8A%D9%82%D8%B9%D8%AF%20%D9%81%D9%8A%D9%87%20%D8%A3%D9%88%20%D8%B9%D9%82%D8%A7%D8%B1%20%D9%8A%D8%B3%D8%AA%D8%A3%D8%AC%D8%B1%D9%87/%D9%8A%D8%B4%D8%AA%D8%B1%D9%8A%D9%87%20%D9%81%D9%8A%20%D8%A7%D9%84%D9%85%D9%86%D8%B7%D9%82%D8%A9%D8%8C%20%D8%A8%D9%8A%D8%B1%D8%B4%D8%AD%D9%84%D9%87%20%D8%A7%D9%84%D9%85%D8%AD%D9%84%D8%A7%D8%AA%20%D9%88%D8%A7%D9%84%D8%B9%D9%82%D8%A7%D8%B1%D8%A7%D8%AA%20%D8%A7%D9%84%D9%85%D8%B3%D8%AC%D9%84%D8%A9%20%D8%B9%D9%86%D8%AF%D9%86%D8%A7%20%D9%81%D9%88%D8%B1%D9%8B%D8%A7.%0A%D9%84%D9%88%20%D8%AD%D8%A7%D8%A8%D9%8A%D9%86%20%D9%85%D8%AD%D9%84%D9%83%D9%85%20%D9%8A%D8%A8%D9%82%D9%89%20%D9%85%D9%86%20%D8%B6%D9%85%D9%86%20%D8%AA%D8%B1%D8%B4%D9%8A%D8%AD%D8%A7%D8%AA%20%D8%A7%D9%84%D9%85%D8%A7%D8%B1%D8%AF%20%D9%85%D8%AC%D8%A7%D9%86%D9%8B%D8%A7%D8%8C%20%D8%AC%D8%B1%D8%A8%D9%88%D9%87%20%D8%A8%D9%86%D9%81%D8%B3%D9%83%D9%85%20%D8%AF%D9%84%D9%88%D9%82%D8%AA%D9%8A%3A%20https%3A//t.me/Madmona_bot%0A%D9%83%D9%84%D9%85%D9%88%D9%86%D8%A7%20%D9%84%D9%88%20%D8%AD%D8%A7%D8%A8%D9%8A%D9%86%20%D8%AA%D8%AA%D8%B3%D8%AC%D9%84%D9%88%D8%A7%20%F0%9F%99%8F,قاعدة بيانات مضمونة (ليد سابق - كان already contacted)
عقارات,شقة للإيجار/البيع - مصر الجديدة,مصر الجديدة,+201551115431,https://wa.me/201551115431?text=%D9%85%D8%B1%D8%AD%D8%A8%D9%8B%D8%A7%20%F0%9F%91%8B%20%D9%85%D8%B9%D8%A7%D9%83%D9%85%20%D9%81%D8%B1%D9%8A%D9%82%20%D9%85%D8%B6%D9%85%D9%88%D9%86%D8%A9%20%28madmonacairo.com%29%20%E2%80%94%20%D9%85%D9%86%D8%B5%D8%A9%20%D9%85%D8%B5%D8%B1%20%D8%A7%D9%84%D8%AC%D8%AF%D9%8A%D8%AF%D8%A9%20%D9%84%D9%84%D8%B9%D9%82%D8%A7%D8%B1%D8%A7%D8%AA%20%D9%88%D8%A7%D9%84%D9%85%D8%B7%D8%A7%D8%B9%D9%85%20%D9%88%D8%A7%D9%84%D8%AE%D8%AF%D9%85%D8%A7%D8%AA.%0A%D8%B9%D9%86%D8%AF%D9%86%D8%A7%20%22%D8%A7%D9%84%D9%85%D8%A7%D8%B1%D8%AF%22%20%F0%9F%A7%9E%E2%80%8D%E2%99%82%EF%B8%8F%20%D9%85%D8%B3%D8%A7%D8%B9%D8%AF%20%D8%B0%D9%83%D8%A7%D8%A1%20%D8%A7%D8%B5%D8%B7%D9%86%D8%A7%D8%B9%D9%8A%D8%8C%20%D8%A3%D9%8A%20%D8%AD%D8%AF%20%D9%8A%D8%B3%D8%A3%D9%84%D9%87%20%D8%B9%D9%86%20%D9%85%D8%B7%D8%B9%D9%85%20%D9%8A%D9%82%D8%B9%D8%AF%20%D9%81%D9%8A%D9%87%20%D8%A3%D9%88%20%D8%B9%D9%82%D8%A7%D8%B1%20%D9%8A%D8%B3%D8%AA%D8%A3%D8%AC%D8%B1%D9%87/%D9%8A%D8%B4%D8%AA%D8%B1%D9%8A%D9%87%20%D9%81%D9%8A%20%D8%A7%D9%84%D9%85%D9%86%D8%B7%D9%82%D8%A9%D8%8C%20%D8%A8%D9%8A%D8%B1%D8%B4%D8%AD%D9%84%D9%87%20%D8%A7%D9%84%D9%85%D8%AD%D9%84%D8%A7%D8%AA%20%D9%88%D8%A7%D9%84%D8%B9%D9%82%D8%A7%D8%B1%D8%A7%D8%AA%20%D8%A7%D9%84%D9%85%D8%B3%D8%AC%D9%84%D8%A9%20%D8%B9%D9%86%D8%AF%D9%86%D8%A7%20%D9%81%D9%88%D8%B1%D9%8B%D8%A7.%0A%D9%84%D9%88%20%D8%AD%D8%A7%D8%A8%D9%8A%D9%86%20%D9%85%D8%AD%D9%84%D9%83%D9%85%20%D9%8A%D8%A8%D9%82%D9%89%20%D9%85%D9%86%20%D8%B6%D9%85%D9%86%20%D8%AA%D8%B1%D8%B4%D9%8A%D8%AD%D8%A7%D8%AA%20%D8%A7%D9%84%D9%85%D8%A7%D8%B1%D8%AF%20%D9%85%D8%AC%D8%A7%D9%86%D9%8B%D8%A7%D8%8C%20%D8%AC%D8%B1%D8%A8%D9%88%D9%87%20%D8%A8%D9%86%D9%81%D8%B3%D9%83%D9%85%20%D8%AF%D9%84%D9%88%D9%82%D8%AA%D9%8A%3A%20https%3A//t.me/Madmona_bot%0A%D9%83%D9%84%D9%85%D9%88%D9%86%D8%A7%20%D9%84%D9%88%20%D8%AD%D8%A7%D8%A8%D9%8A%D9%86%20%D8%AA%D8%AA%D8%B3%D8%AC%D9%84%D9%88%D8%A7%20%F0%9F%99%8F,قاعدة بيانات مضمونة (ليد سابق - كان already contacted)
عقارات (خارج مصر الجديدة - رسالة عامة),شقة للبيع - الإسكندرية,الإسكندرية,+201032778233,https://wa.me/201032778233?text=%D9%85%D8%B1%D8%AD%D8%A8%D9%8B%D8%A7%20%F0%9F%91%8B%20%D9%85%D8%B9%D8%A7%D9%83%D9%85%20%D9%81%D8%B1%D9%8A%D9%82%20%D9%85%D8%B6%D9%85%D9%88%D9%86%D8%A9%20%28madmonacairo.com%29%20%E2%80%94%20%D9%85%D9%86%D8%B5%D8%A9%20%D8%B9%D9%82%D8%A7%D8%B1%D8%A7%D8%AA%20%D9%88%D9%85%D8%B7%D8%A7%D8%B9%D9%85%20%D9%88%D8%AE%D8%AF%D9%85%D8%A7%D8%AA%D8%8C%20%D9%85%D9%82%D8%B1%D9%87%D8%A7%20%D9%85%D8%B5%D8%B1%20%D8%A7%D9%84%D8%AC%D8%AF%D9%8A%D8%AF%D8%A9%D8%8C%20%D8%A7%D9%84%D9%82%D8%A7%D9%87%D8%B1%D8%A9.%0A%D8%B9%D9%86%D8%AF%D9%86%D8%A7%20%22%D8%A7%D9%84%D9%85%D8%A7%D8%B1%D8%AF%22%20%F0%9F%A7%9E%E2%80%8D%E2%99%82%EF%B8%8F%20%D9%85%D8%B3%D8%A7%D8%B9%D8%AF%20%D8%B0%D9%83%D8%A7%D8%A1%20%D8%A7%D8%B5%D8%B7%D9%86%D8%A7%D8%B9%D9%8A%D8%8C%20%D8%A3%D9%8A%20%D8%AD%D8%AF%20%D9%8A%D8%B3%D8%A3%D9%84%D9%87%20%D8%B9%D9%86%20%D8%B9%D9%82%D8%A7%D8%B1%20%D9%8A%D8%B3%D8%AA%D8%A3%D8%AC%D8%B1%D9%87/%D9%8A%D8%B4%D8%AA%D8%B1%D9%8A%D9%87%20%D8%A3%D9%88%20%D9%85%D8%B7%D8%B9%D9%85%20%D9%8A%D9%82%D8%B9%D8%AF%20%D9%81%D9%8A%D9%87%D8%8C%20%D8%A8%D9%8A%D8%B1%D8%B4%D8%AD%D9%84%D9%87%20%D8%A7%D9%84%D9%85%D8%AD%D9%84%D8%A7%D8%AA%20%D9%88%D8%A7%D9%84%D8%B9%D9%82%D8%A7%D8%B1%D8%A7%D8%AA%20%D8%A7%D9%84%D9%85%D8%B3%D8%AC%D9%84%D8%A9%20%D8%B9%D9%86%D8%AF%D9%86%D8%A7%20%D9%81%D9%88%D8%B1%D9%8B%D8%A7.%0A%D9%84%D9%88%20%D8%AD%D8%A7%D8%A8%D9%8A%D9%86%20%D8%B9%D9%82%D8%A7%D8%B1%D9%83%20%D9%8A%D8%A8%D9%82%D9%89%20%D9%85%D9%86%20%D8%B6%D9%85%D9%86%20%D8%AA%D8%B1%D8%B4%D9%8A%D8%AD%D8%A7%D8%AA%20%D8%A7%D9%84%D9%85%D8%A7%D8%B1%D8%AF%20%D9%85%D8%AC%D8%A7%D9%86%D9%8B%D8%A7%D8%8C%20%D8%AC%D8%B1%D8%A8%D9%88%D9%87%20%D8%A8%D9%86%D9%81%D8%B3%D9%83%D9%85%20%D8%AF%D9%84%D9%88%D9%82%D8%AA%D9%8A%3A%20https%3A//t.me/Madmona_bot%0A%D9%83%D9%84%D9%85%D9%88%D9%86%D8%A7%20%D9%84%D9%88%20%D8%AD%D8%A7%D8%A8%D9%8A%D9%86%20%D8%AA%D8%AA%D8%B3%D8%AC%D9%84%D9%88%D8%A7%20%F0%9F%99%8F,قاعدة بيانات مضمونة (cold_leads - status new)
عقارات (خارج مصر الجديدة - رسالة عامة),شقة للبيع - الإسكندرية,الإسكندرية,+201003039070,https://wa.me/201003039070?text=%D9%85%D8%B1%D8%AD%D8%A8%D9%8B%D8%A7%20%F0%9F%91%8B%20%D9%85%D8%B9%D8%A7%D9%83%D9%85%20%D9%81%D8%B1%D9%8A%D9%82%20%D9%85%D8%B6%D9%85%D9%88%D9%86%D8%A9%20%28madmonacairo.com%29%20%E2%80%94%20%D9%85%D9%86%D8%B5%D8%A9%20%D8%B9%D9%82%D8%A7%D8%B1%D8%A7%D8%AA%20%D9%88%D9%85%D8%B7%D8%A7%D8%B9%D9%85%20%D9%88%D8%AE%D8%AF%D9%85%D8%A7%D8%AA%D8%8C%20%D9%85%D9%82%D8%B1%D9%87%D8%A7%20%D9%85%D8%B5%D8%B1%20%D8%A7%D9%84%D8%AC%D8%AF%D9%8A%D8%AF%D8%A9%D8%8C%20%D8%A7%D9%84%D9%82%D8%A7%D9%87%D8%B1%D8%A9.%0A%D8%B9%D9%86%D8%AF%D9%86%D8%A7%20%22%D8%A7%D9%84%D9%85%D8%A7%D8%B1%D8%AF%22%20%F0%9F%A7%9E%E2%80%8D%E2%99%82%EF%B8%8F%20%D9%85%D8%B3%D8%A7%D8%B9%D8%AF%20%D8%B0%D9%83%D8%A7%D8%A1%20%D8%A7%D8%B5%D8%B7%D9%86%D8%A7%D8%B9%D9%8A%D8%8C%20%D8%A3%D9%8A%20%D8%AD%D8%AF%20%D9%8A%D8%B3%D8%A3%D9%84%D9%87%20%D8%B9%D9%86%20%D8%B9%D9%82%D8%A7%D8%B1%20%D9%8A%D8%B3%D8%AA%D8%A3%D8%AC%D8%B1%D9%87/%D9%8A%D8%B4%D8%AA%D8%B1%D9%8A%D9%87%20%D8%A3%D9%88%20%D9%85%D8%B7%D8%B9%D9%85%20%D9%8A%D9%82%D8%B9%D8%AF%20%D9%81%D9%8A%D9%87%D8%8C%20%D8%A8%D9%8A%D8%B1%D8%B4%D8%AD%D9%84%D9%87%20%D8%A7%D9%84%D9%85%D8%AD%D9%84%D8%A7%D8%AA%20%D9%88%D8%A7%D9%84%D8%B9%D9%82%D8%A7%D8%B1%D8%A7%D8%AA%20%D8%A7%D9%84%D9%85%D8%B3%D8%AC%D9%84%D8%A9%20%D8%B9%D9%86%D8%AF%D9%86%D8%A7%20%D9%81%D9%88%D8%B1%D9%8B%D8%A7.%0A%D9%84%D9%88%20%D8%AD%D8%A7%D8%A8%D9%8A%D9%86%20%D8%B9%D9%82%D8%A7%D8%B1%D9%83%20%D9%8A%D8%A8%D9%82%D9%89%20%D9%85%D9%86%20%D8%B6%D9%85%D9%86%20%D8%AA%D8%B1%D8%B4%D9%8A%D8%AD%D8%A7%D8%AA%20%D8%A7%D9%84%D9%85%D8%A7%D8%B1%D8%AF%20%D9%85%D8%AC%D8%A7%D9%86%D9%8B%D8%A7%D8%8C%20%D8%AC%D8%B1%D8%A8%D9%88%D9%87%20%D8%A8%D9%86%D9%81%D8%B3%D9%83%D9%85%20%D8%AF%D9%84%D9%88%D9%82%D8%AA%D9%8A%3A%20https%3A//t.me/Madmona_bot%0A%D9%83%D9%84%D9%85%D9%88%D9%86%D8%A7%20%D9%84%D9%88%20%D8%AD%D8%A7%D8%A8%D9%8A%D9%86%20%D8%AA%D8%AA%D8%B3%D8%AC%D9%84%D9%88%D8%A7%20%F0%9F%99%8F,قاعدة بيانات مضمونة (cold_leads - status new)
عقارات (خارج مصر الجديدة - رسالة عامة),شقة للبيع - الإسكندرية,الإسكندرية,+201273488174,https://wa.me/201273488174?text=%D9%85%D8%B1%D8%AD%D8%A8%D9%8B%D8%A7%20%F0%9F%91%8B%20%D9%85%D8%B9%D8%A7%D9%83%D9%85%20%D9%81%D8%B1%D9%8A%D9%82%20%D9%85%D8%B6%D9%85%D9%88%D9%86%D8%A9%20%28madmonacairo.com%29%20%E2%80%94%20%D9%85%D9%86%D8%B5%D8%A9%20%D8%B9%D9%82%D8%A7%D8%B1%D8%A7%D8%AA%20%D9%88%D9%85%D8%B7%D8%A7%D8%B9%D9%85%20%D9%88%D8%AE%D8%AF%D9%85%D8%A7%D8%AA%D8%8C%20%D9%85%D9%82%D8%B1%D9%87%D8%A7%20%D9%85%D8%B5%D8%B1%20%D8%A7%D9%84%D8%AC%D8%AF%D9%8A%D8%AF%D8%A9%D8%8C%20%D8%A7%D9%84%D9%82%D8%A7%D9%87%D8%B1%D8%A9.%0A%D8%B9%D9%86%D8%AF%D9%86%D8%A7%20%22%D8%A7%D9%84%D9%85%D8%A7%D8%B1%D8%AF%22%20%F0%9F%A7%9E%E2%80%8D%E2%99%82%EF%B8%8F%20%D9%85%D8%B3%D8%A7%D8%B9%D8%AF%20%D8%B0%D9%83%D8%A7%D8%A1%20%D8%A7%D8%B5%D8%B7%D9%86%D8%A7%D8%B9%D9%8A%D8%8C%20%D8%A3%D9%8A%20%D8%AD%D8%AF%20%D9%8A%D8%B3%D8%A3%D9%84%D9%87%20%D8%B9%D9%86%20%D8%B9%D9%82%D8%A7%D8%B1%20%D9%8A%D8%B3%D8%AA%D8%A3%D8%AC%D8%B1%D9%87/%D9%8A%D8%B4%D8%AA%D8%B1%D9%8A%D9%87%20%D8%A3%D9%88%20%D9%85%D8%B7%D8%B9%D9%85%20%D9%8A%D9%82%D8%B9%D8%AF%20%D9%81%D9%8A%D9%87%D8%8C%20%D8%A8%D9%8A%D8%B1%D8%B4%D8%AD%D9%84%D9%87%20%D8%A7%D9%84%D9%85%D8%AD%D9%84%D8%A7%D8%AA%20%D9%88%D8%A7%D9%84%D8%B9%D9%82%D8%A7%D8%B1%D8%A7%D8%AA%20%D8%A7%D9%84%D9%85%D8%B3%D8%AC%D9%84%D8%A9%20%D8%B9%D9%86%D8%AF%D9%86%D8%A7%20%D9%81%D9%88%D8%B1%D9%8B%D8%A7.%0A%D9%84%D9%88%20%D8%AD%D8%A7%D8%A8%D9%8A%D9%86%20%D8%B9%D9%82%D8%A7%D8%B1%D9%83%20%D9%8A%D8%A8%D9%82%D9%89%20%D9%85%D9%86%20%D8%B6%D9%85%D9%86%20%D8%AA%D8%B1%D8%B4%D9%8A%D8%AD%D8%A7%D8%AA%20%D8%A7%D9%84%D9%85%D8%A7%D8%B1%D8%AF%20%D9%85%D8%AC%D8%A7%D9%86%D9%8B%D8%A7%D8%8C%20%D8%AC%D8%B1%D8%A8%D9%88%D9%87%20%D8%A8%D9%86%D9%81%D8%B3%D9%83%D9%85%20%D8%AF%D9%84%D9%88%D9%82%D8%AA%D9%8A%3A%20https%3A//t.me/Madmona_bot%0A%D9%83%D9%84%D9%85%D9%88%D9%86%D8%A7%20%D9%84%D9%88%20%D8%AD%D8%A7%D8%A8%D9%8A%D9%86%20%D8%AA%D8%AA%D8%B3%D8%AC%D9%84%D9%88%D8%A7%20%F0%9F%99%8F,قاعدة بيانات مضمونة (cold_leads - status new)
عقارات (خارج مصر الجديدة - رسالة عامة),شقة للبيع - الإسكندرية,الإسكندرية,+201508245412,https://wa.me/201508245412?text=%D9%85%D8%B1%D8%AD%D8%A8%D9%8B%D8%A7%20%F0%9F%91%8B%20%D9%85%D8%B9%D8%A7%D9%83%D9%85%20%D9%81%D8%B1%D9%8A%D9%82%20%D9%85%D8%B6%D9%85%D9%88%D9%86%D8%A9%20%28madmonacairo.com%29%20%E2%80%94%20%D9%85%D9%86%D8%B5%D8%A9%20%D8%B9%D9%82%D8%A7%D8%B1%D8%A7%D8%AA%20%D9%88%D9%85%D8%B7%D8%A7%D8%B9%D9%85%20%D9%88%D8%AE%D8%AF%D9%85%D8%A7%D8%AA%D8%8C%20%D9%85%D9%82%D8%B1%D9%87%D8%A7%20%D9%85%D8%B5%D8%B1%20%D8%A7%D9%84%D8%AC%D8%AF%D9%8A%D8%AF%D8%A9%D8%8C%20%D8%A7%D9%84%D9%82%D8%A7%D9%87%D8%B1%D8%A9.%0A%D8%B9%D9%86%D8%AF%D9%86%D8%A7%20%22%D8%A7%D9%84%D9%85%D8%A7%D8%B1%D8%AF%22%20%F0%9F%A7%9E%E2%80%8D%E2%99%82%EF%B8%8F%20%D9%85%D8%B3%D8%A7%D8%B9%D8%AF%20%D8%B0%D9%83%D8%A7%D8%A1%20%D8%A7%D8%B5%D8%B7%D9%86%D8%A7%D8%B9%D9%8A%D8%8C%20%D8%A3%D9%8A%20%D8%AD%D8%AF%20%D9%8A%D8%B3%D8%A3%D9%84%D9%87%20%D8%B9%D9%86%20%D8%B9%D9%82%D8%A7%D8%B1%20%D9%8A%D8%B3%D8%AA%D8%A3%D8%AC%D8%B1%D9%87/%D9%8A%D8%B4%D8%AA%D8%B1%D9%8A%D9%87%20%D8%A3%D9%88%20%D9%85%D8%B7%D8%B9%D9%85%20%D9%8A%D9%82%D8%B9%D8%AF%20%D9%81%D9%8A%D9%87%D8%8C%20%D8%A8%D9%8A%D8%B1%D8%B4%D8%AD%D9%84%D9%87%20%D8%A7%D9%84%D9%85%D8%AD%D9%84%D8%A7%D8%AA%20%D9%88%D8%A7%D9%84%D8%B9%D9%82%D8%A7%D8%B1%D8%A7%D8%AA%20%D8%A7%D9%84%D9%85%D8%B3%D8%AC%D9%84%D8%A9%20%D8%B9%D9%86%D8%AF%D9%86%D8%A7%20%D9%81%D9%88%D8%B1%D9%8B%D8%A7.%0A%D9%84%D9%88%20%D8%AD%D8%A7%D8%A8%D9%8A%D9%86%20%D8%B9%D9%82%D8%A7%D8%B1%D9%83%20%D9%8A%D8%A8%D9%82%D9%89%20%D9%85%D9%86%20%D8%B6%D9%85%D9%86%20%D8%AA%D8%B1%D8%B4%D9%8A%D8%AD%D8%A7%D8%AA%20%D8%A7%D9%84%D9%85%D8%A7%D8%B1%D8%AF%20%D9%85%D8%AC%D8%A7%D9%86%D9%8B%D8%A7%D8%8C%20%D8%AC%D8%B1%D8%A8%D9%88%D9%87%20%D8%A8%D9%86%D9%81%D8%B3%D9%83%D9%85%20%D8%AF%D9%84%D9%88%D9%82%D8%AA%D9%8A%3A%20https%3A//t.me/Madmona_bot%0A%D9%83%D9%84%D9%85%D9%88%D9%86%D8%A7%20%D9%84%D9%88%20%D8%AD%D8%A7%D8%A8%D9%8A%D9%86%20%D8%AA%D8%AA%D8%B3%D8%AC%D9%84%D9%88%D8%A7%20%F0%9F%99%8F,قاعدة بيانات مضمونة (cold_leads - status new)
عقارات (خارج مصر الجديدة - رسالة عامة),شقة للبيع - الإسكندرية,الإسكندرية,+201031058582,https://wa.me/201031058582?text=%D9%85%D8%B1%D8%AD%D8%A8%D9%8B%D8%A7%20%F0%9F%91%8B%20%D9%85%D8%B9%D8%A7%D9%83%D9%85%20%D9%81%D8%B1%D9%8A%D9%82%20%D9%85%D8%B6%D9%85%D9%88%D9%86%D8%A9%20%28madmonacairo.com%29%20%E2%80%94%20%D9%85%D9%86%D8%B5%D8%A9%20%D8%B9%D9%82%D8%A7%D8%B1%D8%A7%D8%AA%20%D9%88%D9%85%D8%B7%D8%A7%D8%B9%D9%85%20%D9%88%D8%AE%D8%AF%D9%85%D8%A7%D8%AA%D8%8C%20%D9%85%D9%82%D8%B1%D9%87%D8%A7%20%D9%85%D8%B5%D8%B1%20%D8%A7%D9%84%D8%AC%D8%AF%D9%8A%D8%AF%D8%A9%D8%8C%20%D8%A7%D9%84%D9%82%D8%A7%D9%87%D8%B1%D8%A9.%0A%D8%B9%D9%86%D8%AF%D9%86%D8%A7%20%22%D8%A7%D9%84%D9%85%D8%A7%D8%B1%D8%AF%22%20%F0%9F%A7%9E%E2%80%8D%E2%99%82%EF%B8%8F%20%D9%85%D8%B3%D8%A7%D8%B9%D8%AF%20%D8%B0%D9%83%D8%A7%D8%A1%20%D8%A7%D8%B5%D8%B7%D9%86%D8%A7%D8%B9%D9%8A%D8%8C%20%D8%A3%D9%8A%20%D8%AD%D8%AF%20%D9%8A%D8%B3%D8%A3%D9%84%D9%87%20%D8%B9%D9%86%20%D8%B9%D9%82%D8%A7%D8%B1%20%D9%8A%D8%B3%D8%AA%D8%A3%D8%AC%D8%B1%D9%87/%D9%8A%D8%B4%D8%AA%D8%B1%D9%8A%D9%87%20%D8%A3%D9%88%20%D9%85%D8%B7%D8%B9%D9%85%20%D9%8A%D9%82%D8%B9%D8%AF%20%D9%81%D9%8A%D9%87%D8%8C%20%D8%A8%D9%8A%D8%B1%D8%B4%D8%AD%D9%84%D9%87%20%D8%A7%D9%84%D9%85%D8%AD%D9%84%D8%A7%D8%AA%20%D9%88%D8%A7%D9%84%D8%B9%D9%82%D8%A7%D8%B1%D8%A7%D8%AA%20%D8%A7%D9%84%D9%85%D8%B3%D8%AC%D9%84%D8%A9%20%D8%B9%D9%86%D8%AF%D9%86%D8%A7%20%D9%81%D9%88%D8%B1%D9%8B%D8%A7.%0A%D9%84%D9%88%20%D8%AD%D8%A7%D8%A8%D9%8A%D9%86%20%D8%B9%D9%82%D8%A7%D8%B1%D9%83%20%D9%8A%D8%A8%D9%82%D9%89%20%D9%85%D9%86%20%D8%B6%D9%85%D9%86%20%D8%AA%D8%B1%D8%B4%D9%8A%D8%AD%D8%A7%D8%AA%20%D8%A7%D9%84%D9%85%D8%A7%D8%B1%D8%AF%20%D9%85%D8%AC%D8%A7%D9%86%D9%8B%D8%A7%D8%8C%20%D8%AC%D8%B1%D8%A8%D9%88%D9%87%20%D8%A8%D9%86%D9%81%D8%B3%D9%83%D9%85%20%D8%AF%D9%84%D9%88%D9%82%D8%AA%D9%8A%3A%20https%3A//t.me/Madmona_bot%0A%D9%83%D9%84%D9%85%D9%88%D9%86%D8%A7%20%D9%84%D9%88%20%D8%AD%D8%A7%D8%A8%D9%8A%D9%86%20%D8%AA%D8%AA%D8%B3%D8%AC%D9%84%D9%88%D8%A7%20%F0%9F%99%8F,قاعدة بيانات مضمونة (cold_leads - status new)
عقارات (خارج مصر الجديدة - رسالة عامة),شقة للبيع - الإسكندرية,الإسكندرية,+201040027039,https://wa.me/201040027039?text=%D9%85%D8%B1%D8%AD%D8%A8%D9%8B%D8%A7%20%F0%9F%91%8B%20%D9%85%D8%B9%D8%A7%D9%83%D9%85%20%D9%81%D8%B1%D9%8A%D9%82%20%D9%85%D8%B6%D9%85%D9%88%D9%86%D8%A9%20%28madmonacairo.com%29%20%E2%80%94%20%D9%85%D9%86%D8%B5%D8%A9%20%D8%B9%D9%82%D8%A7%D8%B1%D8%A7%D8%AA%20%D9%88%D9%85%D8%B7%D8%A7%D8%B9%D9%85%20%D9%88%D8%AE%D8%AF%D9%85%D8%A7%D8%AA%D8%8C%20%D9%85%D9%82%D8%B1%D9%87%D8%A7%20%D9%85%D8%B5%D8%B1%20%D8%A7%D9%84%D8%AC%D8%AF%D9%8A%D8%AF%D8%A9%D8%8C%20%D8%A7%D9%84%D9%82%D8%A7%D9%87%D8%B1%D8%A9.%0A%D8%B9%D9%86%D8%AF%D9%86%D8%A7%20%22%D8%A7%D9%84%D9%85%D8%A7%D8%B1%D8%AF%22%20%F0%9F%A7%9E%E2%80%8D%E2%99%82%EF%B8%8F%20%D9%85%D8%B3%D8%A7%D8%B9%D8%AF%20%D8%B0%D9%83%D8%A7%D8%A1%20%D8%A7%D8%B5%D8%B7%D9%86%D8%A7%D8%B9%D9%8A%D8%8C%20%D8%A3%D9%8A%20%D8%AD%D8%AF%20%D9%8A%D8%B3%D8%A3%D9%84%D9%87%20%D8%B9%D9%86%20%D8%B9%D9%82%D8%A7%D8%B1%20%D9%8A%D8%B3%D8%AA%D8%A3%D8%AC%D8%B1%D9%87/%D9%8A%D8%B4%D8%AA%D8%B1%D9%8A%D9%87%20%D8%A3%D9%88%20%D9%85%D8%B7%D8%B9%D9%85%20%D9%8A%D9%82%D8%B9%D8%AF%20%D9%81%D9%8A%D9%87%D8%8C%20%D8%A8%D9%8A%D8%B1%D8%B4%D8%AD%D9%84%D9%87%20%D8%A7%D9%84%D9%85%D8%AD%D9%84%D8%A7%D8%AA%20%D9%88%D8%A7%D9%84%D8%B9%D9%82%D8%A7%D8%B1%D8%A7%D8%AA%20%D8%A7%D9%84%D9%85%D8%B3%D8%AC%D9%84%D8%A9%20%D8%B9%D9%86%D8%AF%D9%86%D8%A7%20%D9%81%D9%88%D8%B1%D9%8B%D8%A7.%0A%D9%84%D9%88%20%D8%AD%D8%A7%D8%A8%D9%8A%D9%86%20%D8%B9%D9%82%D8%A7%D8%B1%D9%83%20%D9%8A%D8%A8%D9%82%D9%89%20%D9%85%D9%86%20%D8%B6%D9%85%D9%86%20%D8%AA%D8%B1%D8%B4%D9%8A%D8%AD%D8%A7%D8%AA%20%D8%A7%D9%84%D9%85%D8%A7%D8%B1%D8%AF%20%D9%85%D8%AC%D8%A7%D9%86%D9%8B%D8%A7%D8%8C%20%D8%AC%D8%B1%D8%A8%D9%88%D9%87%20%D8%A8%D9%86%D9%81%D8%B3%D9%83%D9%85%20%D8%AF%D9%84%D9%88%D9%82%D8%AA%D9%8A%3A%20https%3A//t.me/Madmona_bot%0A%D9%83%D9%84%D9%85%D9%88%D9%86%D8%A7%20%D9%84%D9%88%20%D8%AD%D8%A7%D8%A8%D9%8A%D9%86%20%D8%AA%D8%AA%D8%B3%D8%AC%D9%84%D9%88%D8%A7%20%F0%9F%99%8F,قاعدة بيانات مضمونة (cold_leads - status new)
عقارات (خارج مصر الجديدة - رسالة عامة),شقة للبيع - الإسكندرية,الإسكندرية,+201225451673,https://wa.me/201225451673?text=%D9%85%D8%B1%D8%AD%D8%A8%D9%8B%D8%A7%20%F0%9F%91%8B%20%D9%85%D8%B9%D8%A7%D9%83%D9%85%20%D9%81%D8%B1%D9%8A%D9%82%20%D9%85%D8%B6%D9%85%D9%88%D9%86%D8%A9%20%28madmonacairo.com%29%20%E2%80%94%20%D9%85%D9%86%D8%B5%D8%A9%20%D8%B9%D9%82%D8%A7%D8%B1%D8%A7%D8%AA%20%D9%88%D9%85%D8%B7%D8%A7%D8%B9%D9%85%20%D9%88%D8%AE%D8%AF%D9%85%D8%A7%D8%AA%D8%8C%20%D9%85%D9%82%D8%B1%D9%87%D8%A7%20%D9%85%D8%B5%D8%B1%20%D8%A7%D9%84%D8%AC%D8%AF%D9%8A%D8%AF%D8%A9%D8%8C%20%D8%A7%D9%84%D9%82%D8%A7%D9%87%D8%B1%D8%A9.%0A%D8%B9%D9%86%D8%AF%D9%86%D8%A7%20%22%D8%A7%D9%84%D9%85%D8%A7%D8%B1%D8%AF%22%20%F0%9F%A7%9E%E2%80%8D%E2%99%82%EF%B8%8F%20%D9%85%D8%B3%D8%A7%D8%B9%D8%AF%20%D8%B0%D9%83%D8%A7%D8%A1%20%D8%A7%D8%B5%D8%B7%D9%86%D8%A7%D8%B9%D9%8A%D8%8C%20%D8%A3%D9%8A%20%D8%AD%D8%AF%20%D9%8A%D8%B3%D8%A3%D9%84%D9%87%20%D8%B9%D9%86%20%D8%B9%D9%82%D8%A7%D8%B1%20%D9%8A%D8%B3%D8%AA%D8%A3%D8%AC%D8%B1%D9%87/%D9%8A%D8%B4%D8%AA%D8%B1%D9%8A%D9%87%20%D8%A3%D9%88%20%D9%85%D8%B7%D8%B9%D9%85%20%D9%8A%D9%82%D8%B9%D8%AF%20%D9%81%D9%8A%D9%87%D8%8C%20%D8%A8%D9%8A%D8%B1%D8%B4%D8%AD%D9%84%D9%87%20%D8%A7%D9%84%D9%85%D8%AD%D9%84%D8%A7%D8%AA%20%D9%88%D8%A7%D9%84%D8%B9%D9%82%D8%A7%D8%B1%D8%A7%D8%AA%20%D8%A7%D9%84%D9%85%D8%B3%D8%AC%D9%84%D8%A9%20%D8%B9%D9%86%D8%AF%D9%86%D8%A7%20%D9%81%D9%88%D8%B1%D9%8B%D8%A7.%0A%D9%84%D9%88%20%D8%AD%D8%A7%D8%A8%D9%8A%D9%86%20%D8%B9%D9%82%D8%A7%D8%B1%D9%83%20%D9%8A%D8%A8%D9%82%D9%89%20%D9%85%D9%86%20%D8%B6%D9%85%D9%86%20%D8%AA%D8%B1%D8%B4%D9%8A%D8%AD%D8%A7%D8%AA%20%D8%A7%D9%84%D9%85%D8%A7%D8%B1%D8%AF%20%D9%85%D8%AC%D8%A7%D9%86%D9%8B%D8%A7%D8%8C%20%D8%AC%D8%B1%D8%A8%D9%88%D9%87%20%D8%A8%D9%86%D9%81%D8%B3%D9%83%D9%85%20%D8%AF%D9%84%D9%88%D9%82%D8%AA%D9%8A%3A%20https%3A//t.me/Madmona_bot%0A%D9%83%D9%84%D9%85%D9%88%D9%86%D8%A7%20%D9%84%D9%88%20%D8%AD%D8%A7%D8%A8%D9%8A%D9%86%20%D8%AA%D8%AA%D8%B3%D8%AC%D9%84%D9%88%D8%A7%20%F0%9F%99%8F,قاعدة بيانات مضمونة (cold_leads - status new)
عقارات (خارج مصر الجديدة - رسالة عامة),شقة للبيع - الإسكندرية,الإسكندرية,+201044901093,https://wa.me/201044901093?text=%D9%85%D8%B1%D8%AD%D8%A8%D9%8B%D8%A7%20%F0%9F%91%8B%20%D9%85%D8%B9%D8%A7%D9%83%D9%85%20%D9%81%D8%B1%D9%8A%D9%82%20%D9%85%D8%B6%D9%85%D9%88%D9%86%D8%A9%20%28madmonacairo.com%29%20%E2%80%94%20%D9%85%D9%86%D8%B5%D8%A9%20%D8%B9%D9%82%D8%A7%D8%B1%D8%A7%D8%AA%20%D9%88%D9%85%D8%B7%D8%A7%D8%B9%D9%85%20%D9%88%D8%AE%D8%AF%D9%85%D8%A7%D8%AA%D8%8C%20%D9%85%D9%82%D8%B1%D9%87%D8%A7%20%D9%85%D8%B5%D8%B1%20%D8%A7%D9%84%D8%AC%D8%AF%D9%8A%D8%AF%D8%A9%D8%8C%20%D8%A7%D9%84%D9%82%D8%A7%D9%87%D8%B1%D8%A9.%0A%D8%B9%D9%86%D8%AF%D9%86%D8%A7%20%22%D8%A7%D9%84%D9%85%D8%A7%D8%B1%D8%AF%22%20%F0%9F%A7%9E%E2%80%8D%E2%99%82%EF%B8%8F%20%D9%85%D8%B3%D8%A7%D8%B9%D8%AF%20%D8%B0%D9%83%D8%A7%D8%A1%20%D8%A7%D8%B5%D8%B7%D9%86%D8%A7%D8%B9%D9%8A%D8%8C%20%D8%A3%D9%8A%20%D8%AD%D8%AF%20%D9%8A%D8%B3%D8%A3%D9%84%D9%87%20%D8%B9%D9%86%20%D8%B9%D9%82%D8%A7%D8%B1%20%D9%8A%D8%B3%D8%AA%D8%A3%D8%AC%D8%B1%D9%87/%D9%8A%D8%B4%D8%AA%D8%B1%D9%8A%D9%87%20%D8%A3%D9%88%20%D9%85%D8%B7%D8%B9%D9%85%20%D9%8A%D9%82%D8%B9%D8%AF%20%D9%81%D9%8A%D9%87%D8%8C%20%D8%A8%D9%8A%D8%B1%D8%B4%D8%AD%D9%84%D9%87%20%D8%A7%D9%84%D9%85%D8%AD%D9%84%D8%A7%D8%AA%20%D9%88%D8%A7%D9%84%D8%B9%D9%82%D8%A7%D8%B1%D8%A7%D8%AA%20%D8%A7%D9%84%D9%85%D8%B3%D8%AC%D9%84%D8%A9%20%D8%B9%D9%86%D8%AF%D9%86%D8%A7%20%D9%81%D9%88%D8%B1%D9%8B%D8%A7.%0A%D9%84%D9%88%20%D8%AD%D8%A7%D8%A8%D9%8A%D9%86%20%D8%B9%D9%82%D8%A7%D8%B1%D9%83%20%D9%8A%D8%A8%D9%82%D9%89%20%D9%85%D9%86%20%D8%B6%D9%85%D9%86%20%D8%AA%D8%B1%D8%B4%D9%8A%D8%AD%D8%A7%D8%AA%20%D8%A7%D9%84%D9%85%D8%A7%D8%B1%D8%AF%20%D9%85%D8%AC%D8%A7%D9%86%D9%8B%D8%A7%D8%8C%20%D8%AC%D8%B1%D8%A8%D9%88%D9%87%20%D8%A8%D9%86%D9%81%D8%B3%D9%83%D9%85%20%D8%AF%D9%84%D9%88%D9%82%D8%AA%D9%8A%3A%20https%3A//t.me/Madmona_bot%0A%D9%83%D9%84%D9%85%D9%88%D9%86%D8%A7%20%D9%84%D9%88%20%D8%AD%D8%A7%D8%A8%D9%8A%D9%86%20%D8%AA%D8%AA%D8%B3%D8%AC%D9%84%D9%88%D8%A7%20%F0%9F%99%8F,قاعدة بيانات مضمونة (cold_leads - status new)
عقارات (خارج مصر الجديدة - رسالة عامة),شقة للبيع - الإسكندرية,الإسكندرية,+201096933554,https://wa.me/201096933554?text=%D9%85%D8%B1%D8%AD%D8%A8%D9%8B%D8%A7%20%F0%9F%91%8B%20%D9%85%D8%B9%D8%A7%D9%83%D9%85%20%D9%81%D8%B1%D9%8A%D9%82%20%D9%85%D8%B6%D9%85%D9%88%D9%86%D8%A9%20%28madmonacairo.com%29%20%E2%80%94%20%D9%85%D9%86%D8%B5%D8%A9%20%D8%B9%D9%82%D8%A7%D8%B1%D8%A7%D8%AA%20%D9%88%D9%85%D8%B7%D8%A7%D8%B9%D9%85%20%D9%88%D8%AE%D8%AF%D9%85%D8%A7%D8%AA%D8%8C%20%D9%85%D9%82%D8%B1%D9%87%D8%A7%20%D9%85%D8%B5%D8%B1%20%D8%A7%D9%84%D8%AC%D8%AF%D9%8A%D8%AF%D8%A9%D8%8C%20%D8%A7%D9%84%D9%82%D8%A7%D9%87%D8%B1%D8%A9.%0A%D8%B9%D9%86%D8%AF%D9%86%D8%A7%20%22%D8%A7%D9%84%D9%85%D8%A7%D8%B1%D8%AF%22%20%F0%9F%A7%9E%E2%80%8D%E2%99%82%EF%B8%8F%20%D9%85%D8%B3%D8%A7%D8%B9%D8%AF%20%D8%B0%D9%83%D8%A7%D8%A1%20%D8%A7%D8%B5%D8%B7%D9%86%D8%A7%D8%B9%D9%8A%D8%8C%20%D8%A3%D9%8A%20%D8%AD%D8%AF%20%D9%8A%D8%B3%D8%A3%D9%84%D9%87%20%D8%B9%D9%86%20%D8%B9%D9%82%D8%A7%D8%B1%20%D9%8A%D8%B3%D8%AA%D8%A3%D8%AC%D8%B1%D9%87/%D9%8A%D8%B4%D8%AA%D8%B1%D9%8A%D9%87%20%D8%A3%D9%88%20%D9%85%D8%B7%D8%B9%D9%85%20%D9%8A%D9%82%D8%B9%D8%AF%20%D9%81%D9%8A%D9%87%D8%8C%20%D8%A8%D9%8A%D8%B1%D8%B4%D8%AD%D9%84%D9%87%20%D8%A7%D9%84%D9%85%D8%AD%D9%84%D8%A7%D8%AA%20%D9%88%D8%A7%D9%84%D8%B9%D9%82%D8%A7%D8%B1%D8%A7%D8%AA%20%D8%A7%D9%84%D9%85%D8%B3%D8%AC%D9%84%D8%A9%20%D8%B9%D9%86%D8%AF%D9%86%D8%A7%20%D9%81%D9%88%D8%B1%D9%8B%D8%A7.%0A%D9%84%D9%88%20%D8%AD%D8%A7%D8%A8%D9%8A%D9%86%20%D8%B9%D9%82%D8%A7%D8%B1%D9%83%20%D9%8A%D8%A8%D9%82%D9%89%20%D9%85%D9%86%20%D8%B6%D9%85%D9%86%20%D8%AA%D8%B1%D8%B4%D9%8A%D8%AD%D8%A7%D8%AA%20%D8%A7%D9%84%D9%85%D8%A7%D8%B1%D8%AF%20%D9%85%D8%AC%D8%A7%D9%86%D9%8B%D8%A7%D8%8C%20%D8%AC%D8%B1%D8%A8%D9%88%D9%87%20%D8%A8%D9%86%D9%81%D8%B3%D9%83%D9%85%20%D8%AF%D9%84%D9%88%D9%82%D8%AA%D9%8A%3A%20https%3A//t.me/Madmona_bot%0A%D9%83%D9%84%D9%85%D9%88%D9%86%D8%A7%20%D9%84%D9%88%20%D8%AD%D8%A7%D8%A8%D9%8A%D9%86%20%D8%AA%D8%AA%D8%B3%D8%AC%D9%84%D9%88%D8%A7%20%F0%9F%99%8F,قاعدة بيانات مضمونة (cold_leads - status new)
عقارات (خارج مصر الجديدة - رسالة عامة),شقة للبيع - الإسكندرية,الإسكندرية,+201508045417,https://wa.me/201508045417?text=%D9%85%D8%B1%D8%AD%D8%A8%D9%8B%D8%A7%20%F0%9F%91%8B%20%D9%85%D8%B9%D8%A7%D9%83%D9%85%20%D9%81%D8%B1%D9%8A%D9%82%20%D9%85%D8%B6%D9%85%D9%88%D9%86%D8%A9%20%28madmonacairo.com%29%20%E2%80%94%20%D9%85%D9%86%D8%B5%D8%A9%20%D8%B9%D9%82%D8%A7%D8%B1%D8%A7%D8%AA%20%D9%88%D9%85%D8%B7%D8%A7%D8%B9%D9%85%20%D9%88%D8%AE%D8%AF%D9%85%D8%A7%D8%AA%D8%8C%20%D9%85%D9%82%D8%B1%D9%87%D8%A7%20%D9%85%D8%B5%D8%B1%20%D8%A7%D9%84%D8%AC%D8%AF%D9%8A%D8%AF%D8%A9%D8%8C%20%D8%A7%D9%84%D9%82%D8%A7%D9%87%D8%B1%D8%A9.%0A%D8%B9%D9%86%D8%AF%D9%86%D8%A7%20%22%D8%A7%D9%84%D9%85%D8%A7%D8%B1%D8%AF%22%20%F0%9F%A7%9E%E2%80%8D%E2%99%82%EF%B8%8F%20%D9%85%D8%B3%D8%A7%D8%B9%D8%AF%20%D8%B0%D9%83%D8%A7%D8%A1%20%D8%A7%D8%B5%D8%B7%D9%86%D8%A7%D8%B9%D9%8A%D8%8C%20%D8%A3%D9%8A%20%D8%AD%D8%AF%20%D9%8A%D8%B3%D8%A3%D9%84%D9%87%20%D8%B9%D9%86%20%D8%B9%D9%82%D8%A7%D8%B1%20%D9%8A%D8%B3%D8%AA%D8%A3%D8%AC%D8%B1%D9%87/%D9%8A%D8%B4%D8%AA%D8%B1%D9%8A%D9%87%20%D8%A3%D9%88%20%D9%85%D8%B7%D8%B9%D9%85%20%D9%8A%D9%82%D8%B9%D8%AF%20%D9%81%D9%8A%D9%87%D8%8C%20%D8%A8%D9%8A%D8%B1%D8%B4%D8%AD%D9%84%D9%87%20%D8%A7%D9%84%D9%85%D8%AD%D9%84%D8%A7%D8%AA%20%D9%88%D8%A7%D9%84%D8%B9%D9%82%D8%A7%D8%B1%D8%A7%D8%AA%20%D8%A7%D9%84%D9%85%D8%B3%D8%AC%D9%84%D8%A9%20%D8%B9%D9%86%D8%AF%D9%86%D8%A7%20%D9%81%D9%88%D8%B1%D9%8B%D8%A7.%0A%D9%84%D9%88%20%D8%AD%D8%A7%D8%A8%D9%8A%D9%86%20%D8%B9%D9%82%D8%A7%D8%B1%D9%83%20%D9%8A%D8%A8%D9%82%D9%89%20%D9%85%D9%86%20%D8%B6%D9%85%D9%86%20%D8%AA%D8%B1%D8%B4%D9%8A%D8%AD%D8%A7%D8%AA%20%D8%A7%D9%84%D9%85%D8%A7%D8%B1%D8%AF%20%D9%85%D8%AC%D8%A7%D9%86%D9%8B%D8%A7%D8%8C%20%D8%AC%D8%B1%D8%A8%D9%88%D9%87%20%D8%A8%D9%86%D9%81%D8%B3%D9%83%D9%85%20%D8%AF%D9%84%D9%88%D9%82%D8%AA%D9%8A%3A%20https%3A//t.me/Madmona_bot%0A%D9%83%D9%84%D9%85%D9%88%D9%86%D8%A7%20%D9%84%D9%88%20%D8%AD%D8%A7%D8%A8%D9%8A%D9%86%20%D8%AA%D8%AA%D8%B3%D8%AC%D9%84%D9%88%D8%A7%20%F0%9F%99%8F,قاعدة بيانات مضمونة (cold_leads - status new)
عقارات (خارج مصر الجديدة - رسالة عامة),شقة للبيع - الإسكندرية,الإسكندرية,+201099469209,https://wa.me/201099469209?text=%D9%85%D8%B1%D8%AD%D8%A8%D9%8B%D8%A7%20%F0%9F%91%8B%20%D9%85%D8%B9%D8%A7%D9%83%D9%85%20%D9%81%D8%B1%D9%8A%D9%82%20%D9%85%D8%B6%D9%85%D9%88%D9%86%D8%A9%20%28madmonacairo.com%29%20%E2%80%94%20%D9%85%D9%86%D8%B5%D8%A9%20%D8%B9%D9%82%D8%A7%D8%B1%D8%A7%D8%AA%20%D9%88%D9%85%D8%B7%D8%A7%D8%B9%D9%85%20%D9%88%D8%AE%D8%AF%D9%85%D8%A7%D8%AA%D8%8C%20%D9%85%D9%82%D8%B1%D9%87%D8%A7%20%D9%85%D8%B5%D8%B1%20%D8%A7%D9%84%D8%AC%D8%AF%D9%8A%D8%AF%D8%A9%D8%8C%20%D8%A7%D9%84%D9%82%D8%A7%D9%87%D8%B1%D8%A9.%0A%D8%B9%D9%86%D8%AF%D9%86%D8%A7%20%22%D8%A7%D9%84%D9%85%D8%A7%D8%B1%D8%AF%22%20%F0%9F%A7%9E%E2%80%8D%E2%99%82%EF%B8%8F%20%D9%85%D8%B3%D8%A7%D8%B9%D8%AF%20%D8%B0%D9%83%D8%A7%D8%A1%20%D8%A7%D8%B5%D8%B7%D9%86%D8%A7%D8%B9%D9%8A%D8%8C%20%D8%A3%D9%8A%20%D8%AD%D8%AF%20%D9%8A%D8%B3%D8%A3%D9%84%D9%87%20%D8%B9%D9%86%20%D8%B9%D9%82%D8%A7%D8%B1%20%D9%8A%D8%B3%D8%AA%D8%A3%D8%AC%D8%B1%D9%87/%D9%8A%D8%B4%D8%AA%D8%B1%D9%8A%D9%87%20%D8%A3%D9%88%20%D9%85%D8%B7%D8%B9%D9%85%20%D9%8A%D9%82%D8%B9%D8%AF%20%D9%81%D9%8A%D9%87%D8%8C%20%D8%A8%D9%8A%D8%B1%D8%B4%D8%AD%D9%84%D9%87%20%D8%A7%D9%84%D9%85%D8%AD%D9%84%D8%A7%D8%AA%20%D9%88%D8%A7%D9%84%D8%B9%D9%82%D8%A7%D8%B1%D8%A7%D8%AA%20%D8%A7%D9%84%D9%85%D8%B3%D8%AC%D9%84%D8%A9%20%D8%B9%D9%86%D8%AF%D9%86%D8%A7%20%D9%81%D9%88%D8%B1%D9%8B%D8%A7.%0A%D9%84%D9%88%20%D8%AD%D8%A7%D8%A8%D9%8A%D9%86%20%D8%B9%D9%82%D8%A7%D8%B1%D9%83%20%D9%8A%D8%A8%D9%82%D9%89%20%D9%85%D9%86%20%D8%B6%D9%85%D9%86%20%D8%AA%D8%B1%D8%B4%D9%8A%D8%AD%D8%A7%D8%AA%20%D8%A7%D9%84%D9%85%D8%A7%D8%B1%D8%AF%20%D9%85%D8%AC%D8%A7%D9%86%D9%8B%D8%A7%D8%8C%20%D8%AC%D8%B1%D8%A8%D9%88%D9%87%20%D8%A8%D9%86%D9%81%D8%B3%D9%83%D9%85%20%D8%AF%D9%84%D9%88%D9%82%D8%AA%D9%8A%3A%20https%3A//t.me/Madmona_bot%0A%D9%83%D9%84%D9%85%D9%88%D9%86%D8%A7%20%D9%84%D9%88%20%D8%AD%D8%A7%D8%A8%D9%8A%D9%86%20%D8%AA%D8%AA%D8%B3%D8%AC%D9%84%D9%88%D8%A7%20%F0%9F%99%8F,قاعدة بيانات مضمونة (cold_leads - status new)
عقارات (خارج مصر الجديدة - رسالة عامة),شقة للبيع - الإسكندرية,الإسكندرية,+201222538037,https://wa.me/201222538037?text=%D9%85%D8%B1%D8%AD%D8%A8%D9%8B%D8%A7%20%F0%9F%91%8B%20%D9%85%D8%B9%D8%A7%D9%83%D9%85%20%D9%81%D8%B1%D9%8A%D9%82%20%D9%85%D8%B6%D9%85%D9%88%D9%86%D8%A9%20%28madmonacairo.com%29%20%E2%80%94%20%D9%85%D9%86%D8%B5%D8%A9%20%D8%B9%D9%82%D8%A7%D8%B1%D8%A7%D8%AA%20%D9%88%D9%85%D8%B7%D8%A7%D8%B9%D9%85%20%D9%88%D8%AE%D8%AF%D9%85%D8%A7%D8%AA%D8%8C%20%D9%85%D9%82%D8%B1%D9%87%D8%A7%20%D9%85%D8%B5%D8%B1%20%D8%A7%D9%84%D8%AC%D8%AF%D9%8A%D8%AF%D8%A9%D8%8C%20%D8%A7%D9%84%D9%82%D8%A7%D9%87%D8%B1%D8%A9.%0A%D8%B9%D9%86%D8%AF%D9%86%D8%A7%20%22%D8%A7%D9%84%D9%85%D8%A7%D8%B1%D8%AF%22%20%F0%9F%A7%9E%E2%80%8D%E2%99%82%EF%B8%8F%20%D9%85%D8%B3%D8%A7%D8%B9%D8%AF%20%D8%B0%D9%83%D8%A7%D8%A1%20%D8%A7%D8%B5%D8%B7%D9%86%D8%A7%D8%B9%D9%8A%D8%8C%20%D8%A3%D9%8A%20%D8%AD%D8%AF%20%D9%8A%D8%B3%D8%A3%D9%84%D9%87%20%D8%B9%D9%86%20%D8%B9%D9%82%D8%A7%D8%B1%20%D9%8A%D8%B3%D8%AA%D8%A3%D8%AC%D8%B1%D9%87/%D9%8A%D8%B4%D8%AA%D8%B1%D9%8A%D9%87%20%D8%A3%D9%88%20%D9%85%D8%B7%D8%B9%D9%85%20%D9%8A%D9%82%D8%B9%D8%AF%20%D9%81%D9%8A%D9%87%D8%8C%20%D8%A8%D9%8A%D8%B1%D8%B4%D8%AD%D9%84%D9%87%20%D8%A7%D9%84%D9%85%D8%AD%D9%84%D8%A7%D8%AA%20%D9%88%D8%A7%D9%84%D8%B9%D9%82%D8%A7%D8%B1%D8%A7%D8%AA%20%D8%A7%D9%84%D9%85%D8%B3%D8%AC%D9%84%D8%A9%20%D8%B9%D9%86%D8%AF%D9%86%D8%A7%20%D9%81%D9%88%D8%B1%D9%8B%D8%A7.%0A%D9%84%D9%88%20%D8%AD%D8%A7%D8%A8%D9%8A%D9%86%20%D8%B9%D9%82%D8%A7%D8%B1%D9%83%20%D9%8A%D8%A8%D9%82%D9%89%20%D9%85%D9%86%20%D8%B6%D9%85%D9%86%20%D8%AA%D8%B1%D8%B4%D9%8A%D8%AD%D8%A7%D8%AA%20%D8%A7%D9%84%D9%85%D8%A7%D8%B1%D8%AF%20%D9%85%D8%AC%D8%A7%D9%86%D9%8B%D8%A7%D8%8C%20%D8%AC%D8%B1%D8%A8%D9%88%D9%87%20%D8%A8%D9%86%D9%81%D8%B3%D9%83%D9%85%20%D8%AF%D9%84%D9%88%D9%82%D8%AA%D9%8A%3A%20https%3A//t.me/Madmona_bot%0A%D9%83%D9%84%D9%85%D9%88%D9%86%D8%A7%20%D9%84%D9%88%20%D8%AD%D8%A7%D8%A8%D9%8A%D9%86%20%D8%AA%D8%AA%D8%B3%D8%AC%D9%84%D9%88%D8%A7%20%F0%9F%99%8F,قاعدة بيانات مضمونة (cold_leads - status new)
عقارات (خارج مصر الجديدة - رسالة عامة),شقة للبيع - الإسكندرية,الإسكندرية,+201031098800,https://wa.me/201031098800?text=%D9%85%D8%B1%D8%AD%D8%A8%D9%8B%D8%A7%20%F0%9F%91%8B%20%D9%85%D8%B9%D8%A7%D9%83%D9%85%20%D9%81%D8%B1%D9%8A%D9%82%20%D9%85%D8%B6%D9%85%D9%88%D9%86%D8%A9%20%28madmonacairo.com%29%20%E2%80%94%20%D9%85%D9%86%D8%B5%D8%A9%20%D8%B9%D9%82%D8%A7%D8%B1%D8%A7%D8%AA%20%D9%88%D9%85%D8%B7%D8%A7%D8%B9%D9%85%20%D9%88%D8%AE%D8%AF%D9%85%D8%A7%D8%AA%D8%8C%20%D9%85%D9%82%D8%B1%D9%87%D8%A7%20%D9%85%D8%B5%D8%B1%20%D8%A7%D9%84%D8%AC%D8%AF%D9%8A%D8%AF%D8%A9%D8%8C%20%D8%A7%D9%84%D9%82%D8%A7%D9%87%D8%B1%D8%A9.%0A%D8%B9%D9%86%D8%AF%D9%86%D8%A7%20%22%D8%A7%D9%84%D9%85%D8%A7%D8%B1%D8%AF%22%20%F0%9F%A7%9E%E2%80%8D%E2%99%82%EF%B8%8F%20%D9%85%D8%B3%D8%A7%D8%B9%D8%AF%20%D8%B0%D9%83%D8%A7%D8%A1%20%D8%A7%D8%B5%D8%B7%D9%86%D8%A7%D8%B9%D9%8A%D8%8C%20%D8%A3%D9%8A%20%D8%AD%D8%AF%20%D9%8A%D8%B3%D8%A3%D9%84%D9%87%20%D8%B9%D9%86%20%D8%B9%D9%82%D8%A7%D8%B1%20%D9%8A%D8%B3%D8%AA%D8%A3%D8%AC%D8%B1%D9%87/%D9%8A%D8%B4%D8%AA%D8%B1%D9%8A%D9%87%20%D8%A3%D9%88%20%D9%85%D8%B7%D8%B9%D9%85%20%D9%8A%D9%82%D8%B9%D8%AF%20%D9%81%D9%8A%D9%87%D8%8C%20%D8%A8%D9%8A%D8%B1%D8%B4%D8%AD%D9%84%D9%87%20%D8%A7%D9%84%D9%85%D8%AD%D9%84%D8%A7%D8%AA%20%D9%88%D8%A7%D9%84%D8%B9%D9%82%D8%A7%D8%B1%D8%A7%D8%AA%20%D8%A7%D9%84%D9%85%D8%B3%D8%AC%D9%84%D8%A9%20%D8%B9%D9%86%D8%AF%D9%86%D8%A7%20%D9%81%D9%88%D8%B1%D9%8B%D8%A7.%0A%D9%84%D9%88%20%D8%AD%D8%A7%D8%A8%D9%8A%D9%86%20%D8%B9%D9%82%D8%A7%D8%B1%D9%83%20%D9%8A%D8%A8%D9%82%D9%89%20%D9%85%D9%86%20%D8%B6%D9%85%D9%86%20%D8%AA%D8%B1%D8%B4%D9%8A%D8%AD%D8%A7%D8%AA%20%D8%A7%D9%84%D9%85%D8%A7%D8%B1%D8%AF%20%D9%85%D8%AC%D8%A7%D9%86%D9%8B%D8%A7%D8%8C%20%D8%AC%D8%B1%D8%A8%D9%88%D9%87%20%D8%A8%D9%86%D9%81%D8%B3%D9%83%D9%85%20%D8%AF%D9%84%D9%88%D9%82%D8%AA%D9%8A%3A%20https%3A//t.me/Madmona_bot%0A%D9%83%D9%84%D9%85%D9%88%D9%86%D8%A7%20%D9%84%D9%88%20%D8%AD%D8%A7%D8%A8%D9%8A%D9%86%20%D8%AA%D8%AA%D8%B3%D8%AC%D9%84%D9%88%D8%A7%20%F0%9F%99%8F,قاعدة بيانات مضمونة (cold_leads - status new)
عقارات (خارج مصر الجديدة - رسالة عامة),شقة للبيع - الإسكندرية,الإسكندرية,+201283999728,https://wa.me/201283999728?text=%D9%85%D8%B1%D8%AD%D8%A8%D9%8B%D8%A7%20%F0%9F%91%8B%20%D9%85%D8%B9%D8%A7%D9%83%D9%85%20%D9%81%D8%B1%D9%8A%D9%82%20%D9%85%D8%B6%D9%85%D9%88%D9%86%D8%A9%20%28madmonacairo.com%29%20%E2%80%94%20%D9%85%D9%86%D8%B5%D8%A9%20%D8%B9%D9%82%D8%A7%D8%B1%D8%A7%D8%AA%20%D9%88%D9%85%D8%B7%D8%A7%D8%B9%D9%85%20%D9%88%D8%AE%D8%AF%D9%85%D8%A7%D8%AA%D8%8C%20%D9%85%D9%82%D8%B1%D9%87%D8%A7%20%D9%85%D8%B5%D8%B1%20%D8%A7%D9%84%D8%AC%D8%AF%D9%8A%D8%AF%D8%A9%D8%8C%20%D8%A7%D9%84%D9%82%D8%A7%D9%87%D8%B1%D8%A9.%0A%D8%B9%D9%86%D8%AF%D9%86%D8%A7%20%22%D8%A7%D9%84%D9%85%D8%A7%D8%B1%D8%AF%22%20%F0%9F%A7%9E%E2%80%8D%E2%99%82%EF%B8%8F%20%D9%85%D8%B3%D8%A7%D8%B9%D8%AF%20%D8%B0%D9%83%D8%A7%D8%A1%20%D8%A7%D8%B5%D8%B7%D9%86%D8%A7%D8%B9%D9%8A%D8%8C%20%D8%A3%D9%8A%20%D8%AD%D8%AF%20%D9%8A%D8%B3%D8%A3%D9%84%D9%87%20%D8%B9%D9%86%20%D8%B9%D9%82%D8%A7%D8%B1%20%D9%8A%D8%B3%D8%AA%D8%A3%D8%AC%D8%B1%D9%87/%D9%8A%D8%B4%D8%AA%D8%B1%D9%8A%D9%87%20%D8%A3%D9%88%20%D9%85%D8%B7%D8%B9%D9%85%20%D9%8A%D9%82%D8%B9%D8%AF%20%D9%81%D9%8A%D9%87%D8%8C%20%D8%A8%D9%8A%D8%B1%D8%B4%D8%AD%D9%84%D9%87%20%D8%A7%D9%84%D9%85%D8%AD%D9%84%D8%A7%D8%AA%20%D9%88%D8%A7%D9%84%D8%B9%D9%82%D8%A7%D8%B1%D8%A7%D8%AA%20%D8%A7%D9%84%D9%85%D8%B3%D8%AC%D9%84%D8%A9%20%D8%B9%D9%86%D8%AF%D9%86%D8%A7%20%D9%81%D9%88%D8%B1%D9%8B%D8%A7.%0A%D9%84%D9%88%20%D8%AD%D8%A7%D8%A8%D9%8A%D9%86%20%D8%B9%D9%82%D8%A7%D8%B1%D9%83%20%D9%8A%D8%A8%D9%82%D9%89%20%D9%85%D9%86%20%D8%B6%D9%85%D9%86%20%D8%AA%D8%B1%D8%B4%D9%8A%D8%AD%D8%A7%D8%AA%20%D8%A7%D9%84%D9%85%D8%A7%D8%B1%D8%AF%20%D9%85%D8%AC%D8%A7%D9%86%D9%8B%D8%A7%D8%8C%20%D8%AC%D8%B1%D8%A8%D9%88%D9%87%20%D8%A8%D9%86%D9%81%D8%B3%D9%83%D9%85%20%D8%AF%D9%84%D9%88%D9%82%D8%AA%D9%8A%3A%20https%3A//t.me/Madmona_bot%0A%D9%83%D9%84%D9%85%D9%88%D9%86%D8%A7%20%D9%84%D9%88%20%D8%AD%D8%A7%D8%A8%D9%8A%D9%86%20%D8%AA%D8%AA%D8%B3%D8%AC%D9%84%D9%88%D8%A7%20%F0%9F%99%8F,قاعدة بيانات مضمونة (cold_leads - status new)
عقارات (خارج مصر الجديدة - رسالة عامة),شقة للبيع - الإسكندرية,الإسكندرية,+201101279212,https://wa.me/201101279212?text=%D9%85%D8%B1%D8%AD%D8%A8%D9%8B%D8%A7%20%F0%9F%91%8B%20%D9%85%D8%B9%D8%A7%D9%83%D9%85%20%D9%81%D8%B1%D9%8A%D9%82%20%D9%85%D8%B6%D9%85%D9%88%D9%86%D8%A9%20%28madmonacairo.com%29%20%E2%80%94%20%D9%85%D9%86%D8%B5%D8%A9%20%D8%B9%D9%82%D8%A7%D8%B1%D8%A7%D8%AA%20%D9%88%D9%85%D8%B7%D8%A7%D8%B9%D9%85%20%D9%88%D8%AE%D8%AF%D9%85%D8%A7%D8%AA%D8%8C%20%D9%85%D9%82%D8%B1%D9%87%D8%A7%20%D9%85%D8%B5%D8%B1%20%D8%A7%D9%84%D8%AC%D8%AF%D9%8A%D8%AF%D8%A9%D8%8C%20%D8%A7%D9%84%D9%82%D8%A7%D9%87%D8%B1%D8%A9.%0A%D8%B9%D9%86%D8%AF%D9%86%D8%A7%20%22%D8%A7%D9%84%D9%85%D8%A7%D8%B1%D8%AF%22%20%F0%9F%A7%9E%E2%80%8D%E2%99%82%EF%B8%8F%20%D9%85%D8%B3%D8%A7%D8%B9%D8%AF%20%D8%B0%D9%83%D8%A7%D8%A1%20%D8%A7%D8%B5%D8%B7%D9%86%D8%A7%D8%B9%D9%8A%D8%8C%20%D8%A3%D9%8A%20%D8%AD%D8%AF%20%D9%8A%D8%B3%D8%A3%D9%84%D9%87%20%D8%B9%D9%86%20%D8%B9%D9%82%D8%A7%D8%B1%20%D9%8A%D8%B3%D8%AA%D8%A3%D8%AC%D8%B1%D9%87/%D9%8A%D8%B4%D8%AA%D8%B1%D9%8A%D9%87%20%D8%A3%D9%88%20%D9%85%D8%B7%D8%B9%D9%85%20%D9%8A%D9%82%D8%B9%D8%AF%20%D9%81%D9%8A%D9%87%D8%8C%20%D8%A8%D9%8A%D8%B1%D8%B4%D8%AD%D9%84%D9%87%20%D8%A7%D9%84%D9%85%D8%AD%D9%84%D8%A7%D8%AA%20%D9%88%D8%A7%D9%84%D8%B9%D9%82%D8%A7%D8%B1%D8%A7%D8%AA%20%D8%A7%D9%84%D9%85%D8%B3%D8%AC%D9%84%D8%A9%20%D8%B9%D9%86%D8%AF%D9%86%D8%A7%20%D9%81%D9%88%D8%B1%D9%8B%D8%A7.%0A%D9%84%D9%88%20%D8%AD%D8%A7%D8%A8%D9%8A%D9%86%20%D8%B9%D9%82%D8%A7%D8%B1%D9%83%20%D9%8A%D8%A8%D9%82%D9%89%20%D9%85%D9%86%20%D8%B6%D9%85%D9%86%20%D8%AA%D8%B1%D8%B4%D9%8A%D8%AD%D8%A7%D8%AA%20%D8%A7%D9%84%D9%85%D8%A7%D8%B1%D8%AF%20%D9%85%D8%AC%D8%A7%D9%86%D9%8B%D8%A7%D8%8C%20%D8%AC%D8%B1%D8%A8%D9%88%D9%87%20%D8%A8%D9%86%D9%81%D8%B3%D9%83%D9%85%20%D8%AF%D9%84%D9%88%D9%82%D8%AA%D9%8A%3A%20https%3A//t.me/Madmona_bot%0A%D9%83%D9%84%D9%85%D9%88%D9%86%D8%A7%20%D9%84%D9%88%20%D8%AD%D8%A7%D8%A8%D9%8A%D9%86%20%D8%AA%D8%AA%D8%B3%D8%AC%D9%84%D9%88%D8%A7%20%F0%9F%99%8F,قاعدة بيانات مضمونة (cold_leads - status new)
عقارات (خارج مصر الجديدة - رسالة عامة),شقة للبيع - الإسكندرية,الإسكندرية,+201223771530,https://wa.me/201223771530?text=%D9%85%D8%B1%D8%AD%D8%A8%D9%8B%D8%A7%20%F0%9F%91%8B%20%D9%85%D8%B9%D8%A7%D9%83%D9%85%20%D9%81%D8%B1%D9%8A%D9%82%20%D9%85%D8%B6%D9%85%D9%88%D9%86%D8%A9%20%28madmonacairo.com%29%20%E2%80%94%20%D9%85%D9%86%D8%B5%D8%A9%20%D8%B9%D9%82%D8%A7%D8%B1%D8%A7%D8%AA%20%D9%88%D9%85%D8%B7%D8%A7%D8%B9%D9%85%20%D9%88%D8%AE%D8%AF%D9%85%D8%A7%D8%AA%D8%8C%20%D9%85%D9%82%D8%B1%D9%87%D8%A7%20%D9%85%D8%B5%D8%B1%20%D8%A7%D9%84%D8%AC%D8%AF%D9%8A%D8%AF%D8%A9%D8%8C%20%D8%A7%D9%84%D9%82%D8%A7%D9%87%D8%B1%D8%A9.%0A%D8%B9%D9%86%D8%AF%D9%86%D8%A7%20%22%D8%A7%D9%84%D9%85%D8%A7%D8%B1%D8%AF%22%20%F0%9F%A7%9E%E2%80%8D%E2%99%82%EF%B8%8F%20%D9%85%D8%B3%D8%A7%D8%B9%D8%AF%20%D8%B0%D9%83%D8%A7%D8%A1%20%D8%A7%D8%B5%D8%B7%D9%86%D8%A7%D8%B9%D9%8A%D8%8C%20%D8%A3%D9%8A%20%D8%AD%D8%AF%20%D9%8A%D8%B3%D8%A3%D9%84%D9%87%20%D8%B9%D9%86%20%D8%B9%D9%82%D8%A7%D8%B1%20%D9%8A%D8%B3%D8%AA%D8%A3%D8%AC%D8%B1%D9%87/%D9%8A%D8%B4%D8%AA%D8%B1%D9%8A%D9%87%20%D8%A3%D9%88%20%D9%85%D8%B7%D8%B9%D9%85%20%D9%8A%D9%82%D8%B9%D8%AF%20%D9%81%D9%8A%D9%87%D8%8C%20%D8%A8%D9%8A%D8%B1%D8%B4%D8%AD%D9%84%D9%87%20%D8%A7%D9%84%D9%85%D8%AD%D9%84%D8%A7%D8%AA%20%D9%88%D8%A7%D9%84%D8%B9%D9%82%D8%A7%D8%B1%D8%A7%D8%AA%20%D8%A7%D9%84%D9%85%D8%B3%D8%AC%D9%84%D8%A9%20%D8%B9%D9%86%D8%AF%D9%86%D8%A7%20%D9%81%D9%88%D8%B1%D9%8B%D8%A7.%0A%D9%84%D9%88%20%D8%AD%D8%A7%D8%A8%D9%8A%D9%86%20%D8%B9%D9%82%D8%A7%D8%B1%D9%83%20%D9%8A%D8%A8%D9%82%D9%89%20%D9%85%D9%86%20%D8%B6%D9%85%D9%86%20%D8%AA%D8%B1%D8%B4%D9%8A%D8%AD%D8%A7%D8%AA%20%D8%A7%D9%84%D9%85%D8%A7%D8%B1%D8%AF%20%D9%85%D8%AC%D8%A7%D9%86%D9%8B%D8%A7%D8%8C%20%D8%AC%D8%B1%D8%A8%D9%88%D9%87%20%D8%A8%D9%86%D9%81%D8%B3%D9%83%D9%85%20%D8%AF%D9%84%D9%88%D9%82%D8%AA%D9%8A%3A%20https%3A//t.me/Madmona_bot%0A%D9%83%D9%84%D9%85%D9%88%D9%86%D8%A7%20%D9%84%D9%88%20%D8%AD%D8%A7%D8%A8%D9%8A%D9%86%20%D8%AA%D8%AA%D8%B3%D8%AC%D9%84%D9%88%D8%A7%20%F0%9F%99%8F,قاعدة بيانات مضمونة (cold_leads - status new)
عقارات (خارج مصر الجديدة - رسالة عامة),شقة للبيع - الإسكندرية,الإسكندرية,+201140690909,https://wa.me/201140690909?text=%D9%85%D8%B1%D8%AD%D8%A8%D9%8B%D8%A7%20%F0%9F%91%8B%20%D9%85%D8%B9%D8%A7%D9%83%D9%85%20%D9%81%D8%B1%D9%8A%D9%82%20%D9%85%D8%B6%D9%85%D9%88%D9%86%D8%A9%20%28madmonacairo.com%29%20%E2%80%94%20%D9%85%D9%86%D8%B5%D8%A9%20%D8%B9%D9%82%D8%A7%D8%B1%D8%A7%D8%AA%20%D9%88%D9%85%D8%B7%D8%A7%D8%B9%D9%85%20%D9%88%D8%AE%D8%AF%D9%85%D8%A7%D8%AA%D8%8C%20%D9%85%D9%82%D8%B1%D9%87%D8%A7%20%D9%85%D8%B5%D8%B1%20%D8%A7%D9%84%D8%AC%D8%AF%D9%8A%D8%AF%D8%A9%D8%8C%20%D8%A7%D9%84%D9%82%D8%A7%D9%87%D8%B1%D8%A9.%0A%D8%B9%D9%86%D8%AF%D9%86%D8%A7%20%22%D8%A7%D9%84%D9%85%D8%A7%D8%B1%D8%AF%22%20%F0%9F%A7%9E%E2%80%8D%E2%99%82%EF%B8%8F%20%D9%85%D8%B3%D8%A7%D8%B9%D8%AF%20%D8%B0%D9%83%D8%A7%D8%A1%20%D8%A7%D8%B5%D8%B7%D9%86%D8%A7%D8%B9%D9%8A%D8%8C%20%D8%A3%D9%8A%20%D8%AD%D8%AF%20%D9%8A%D8%B3%D8%A3%D9%84%D9%87%20%D8%B9%D9%86%20%D8%B9%D9%82%D8%A7%D8%B1%20%D9%8A%D8%B3%D8%AA%D8%A3%D8%AC%D8%B1%D9%87/%D9%8A%D8%B4%D8%AA%D8%B1%D9%8A%D9%87%20%D8%A3%D9%88%20%D9%85%D8%B7%D8%B9%D9%85%20%D9%8A%D9%82%D8%B9%D8%AF%20%D9%81%D9%8A%D9%87%D8%8C%20%D8%A8%D9%8A%D8%B1%D8%B4%D8%AD%D9%84%D9%87%20%D8%A7%D9%84%D9%85%D8%AD%D9%84%D8%A7%D8%AA%20%D9%88%D8%A7%D9%84%D8%B9%D9%82%D8%A7%D8%B1%D8%A7%D8%AA%20%D8%A7%D9%84%D9%85%D8%B3%D8%AC%D9%84%D8%A9%20%D8%B9%D9%86%D8%AF%D9%86%D8%A7%20%D9%81%D9%88%D8%B1%D9%8B%D8%A7.%0A%D9%84%D9%88%20%D8%AD%D8%A7%D8%A8%D9%8A%D9%86%20%D8%B9%D9%82%D8%A7%D8%B1%D9%83%20%D9%8A%D8%A8%D9%82%D9%89%20%D9%85%D9%86%20%D8%B6%D9%85%D9%86%20%D8%AA%D8%B1%D8%B4%D9%8A%D8%AD%D8%A7%D8%AA%20%D8%A7%D9%84%D9%85%D8%A7%D8%B1%D8%AF%20%D9%85%D8%AC%D8%A7%D9%86%D9%8B%D8%A7%D8%8C%20%D8%AC%D8%B1%D8%A8%D9%88%D9%87%20%D8%A8%D9%86%D9%81%D8%B3%D9%83%D9%85%20%D8%AF%D9%84%D9%88%D9%82%D8%AA%D9%8A%3A%20https%3A//t.me/Madmona_bot%0A%D9%83%D9%84%D9%85%D9%88%D9%86%D8%A7%20%D9%84%D9%88%20%D8%AD%D8%A7%D8%A8%D9%8A%D9%86%20%D8%AA%D8%AA%D8%B3%D8%AC%D9%84%D9%88%D8%A7%20%F0%9F%99%8F,قاعدة بيانات مضمونة (cold_leads - status new)
عقارات (خارج مصر الجديدة - رسالة عامة),شقة للبيع - الإسكندرية,الإسكندرية,+201024268222,https://wa.me/201024268222?text=%D9%85%D8%B1%D8%AD%D8%A8%D9%8B%D8%A7%20%F0%9F%91%8B%20%D9%85%D8%B9%D8%A7%D9%83%D9%85%20%D9%81%D8%B1%D9%8A%D9%82%20%D9%85%D8%B6%D9%85%D9%88%D9%86%D8%A9%20%28madmonacairo.com%29%20%E2%80%94%20%D9%85%D9%86%D8%B5%D8%A9%20%D8%B9%D9%82%D8%A7%D8%B1%D8%A7%D8%AA%20%D9%88%D9%85%D8%B7%D8%A7%D8%B9%D9%85%20%D9%88%D8%AE%D8%AF%D9%85%D8%A7%D8%AA%D8%8C%20%D9%85%D9%82%D8%B1%D9%87%D8%A7%20%D9%85%D8%B5%D8%B1%20%D8%A7%D9%84%D8%AC%D8%AF%D9%8A%D8%AF%D8%A9%D8%8C%20%D8%A7%D9%84%D9%82%D8%A7%D9%87%D8%B1%D8%A9.%0A%D8%B9%D9%86%D8%AF%D9%86%D8%A7%20%22%D8%A7%D9%84%D9%85%D8%A7%D8%B1%D8%AF%22%20%F0%9F%A7%9E%E2%80%8D%E2%99%82%EF%B8%8F%20%D9%85%D8%B3%D8%A7%D8%B9%D8%AF%20%D8%B0%D9%83%D8%A7%D8%A1%20%D8%A7%D8%B5%D8%B7%D9%86%D8%A7%D8%B9%D9%8A%D8%8C%20%D8%A3%D9%8A%20%D8%AD%D8%AF%20%D9%8A%D8%B3%D8%A3%D9%84%D9%87%20%D8%B9%D9%86%20%D8%B9%D9%82%D8%A7%D8%B1%20%D9%8A%D8%B3%D8%AA%D8%A3%D8%AC%D8%B1%D9%87/%D9%8A%D8%B4%D8%AA%D8%B1%D9%8A%D9%87%20%D8%A3%D9%88%20%D9%85%D8%B7%D8%B9%D9%85%20%D9%8A%D9%82%D8%B9%D8%AF%20%D9%81%D9%8A%D9%87%D8%8C%20%D8%A8%D9%8A%D8%B1%D8%B4%D8%AD%D9%84%D9%87%20%D8%A7%D9%84%D9%85%D8%AD%D9%84%D8%A7%D8%AA%20%D9%88%D8%A7%D9%84%D8%B9%D9%82%D8%A7%D8%B1%D8%A7%D8%AA%20%D8%A7%D9%84%D9%85%D8%B3%D8%AC%D9%84%D8%A9%20%D8%B9%D9%86%D8%AF%D9%86%D8%A7%20%D9%81%D9%88%D8%B1%D9%8B%D8%A7.%0A%D9%84%D9%88%20%D8%AD%D8%A7%D8%A8%D9%8A%D9%86%20%D8%B9%D9%82%D8%A7%D8%B1%D9%83%20%D9%8A%D8%A8%D9%82%D9%89%20%D9%85%D9%86%20%D8%B6%D9%85%D9%86%20%D8%AA%D8%B1%D8%B4%D9%8A%D8%AD%D8%A7%D8%AA%20%D8%A7%D9%84%D9%85%D8%A7%D8%B1%D8%AF%20%D9%85%D8%AC%D8%A7%D9%86%D9%8B%D8%A7%D8%8C%20%D8%AC%D8%B1%D8%A8%D9%88%D9%87%20%D8%A8%D9%86%D9%81%D8%B3%D9%83%D9%85%20%D8%AF%D9%84%D9%88%D9%82%D8%AA%D9%8A%3A%20https%3A//t.me/Madmona_bot%0A%D9%83%D9%84%D9%85%D9%88%D9%86%D8%A7%20%D9%84%D9%88%20%D8%AD%D8%A7%D8%A8%D9%8A%D9%86%20%D8%AA%D8%AA%D8%B3%D8%AC%D9%84%D9%88%D8%A7%20%F0%9F%99%8F,قاعدة بيانات مضمونة (cold_leads - status new)
عقارات (خارج مصر الجديدة - رسالة عامة),شقة للبيع - الإسكندرية,الإسكندرية,+201070299336,https://wa.me/201070299336?text=%D9%85%D8%B1%D8%AD%D8%A8%D9%8B%D8%A7%20%F0%9F%91%8B%20%D9%85%D8%B9%D8%A7%D9%83%D9%85%20%D9%81%D8%B1%D9%8A%D9%82%20%D9%85%D8%B6%D9%85%D9%88%D9%86%D8%A9%20%28madmonacairo.com%29%20%E2%80%94%20%D9%85%D9%86%D8%B5%D8%A9%20%D8%B9%D9%82%D8%A7%D8%B1%D8%A7%D8%AA%20%D9%88%D9%85%D8%B7%D8%A7%D8%B9%D9%85%20%D9%88%D8%AE%D8%AF%D9%85%D8%A7%D8%AA%D8%8C%20%D9%85%D9%82%D8%B1%D9%87%D8%A7%20%D9%85%D8%B5%D8%B1%20%D8%A7%D9%84%D8%AC%D8%AF%D9%8A%D8%AF%D8%A9%D8%8C%20%D8%A7%D9%84%D9%82%D8%A7%D9%87%D8%B1%D8%A9.%0A%D8%B9%D9%86%D8%AF%D9%86%D8%A7%20%22%D8%A7%D9%84%D9%85%D8%A7%D8%B1%D8%AF%22%20%F0%9F%A7%9E%E2%80%8D%E2%99%82%EF%B8%8F%20%D9%85%D8%B3%D8%A7%D8%B9%D8%AF%20%D8%B0%D9%83%D8%A7%D8%A1%20%D8%A7%D8%B5%D8%B7%D9%86%D8%A7%D8%B9%D9%8A%D8%8C%20%D8%A3%D9%8A%20%D8%AD%D8%AF%20%D9%8A%D8%B3%D8%A3%D9%84%D9%87%20%D8%B9%D9%86%20%D8%B9%D9%82%D8%A7%D8%B1%20%D9%8A%D8%B3%D8%AA%D8%A3%D8%AC%D8%B1%D9%87/%D9%8A%D8%B4%D8%AA%D8%B1%D9%8A%D9%87%20%D8%A3%D9%88%20%D9%85%D8%B7%D8%B9%D9%85%20%D9%8A%D9%82%D8%B9%D8%AF%20%D9%81%D9%8A%D9%87%D8%8C%20%D8%A8%D9%8A%D8%B1%D8%B4%D8%AD%D9%84%D9%87%20%D8%A7%D9%84%D9%85%D8%AD%D9%84%D8%A7%D8%AA%20%D9%88%D8%A7%D9%84%D8%B9%D9%82%D8%A7%D8%B1%D8%A7%D8%AA%20%D8%A7%D9%84%D9%85%D8%B3%D8%AC%D9%84%D8%A9%20%D8%B9%D9%86%D8%AF%D9%86%D8%A7%20%D9%81%D9%88%D8%B1%D9%8B%D8%A7.%0A%D9%84%D9%88%20%D8%AD%D8%A7%D8%A8%D9%8A%D9%86%20%D8%B9%D9%82%D8%A7%D8%B1%D9%83%20%D9%8A%D8%A8%D9%82%D9%89%20%D9%85%D9%86%20%D8%B6%D9%85%D9%86%20%D8%AA%D8%B1%D8%B4%D9%8A%D8%AD%D8%A7%D8%AA%20%D8%A7%D9%84%D9%85%D8%A7%D8%B1%D8%AF%20%D9%85%D8%AC%D8%A7%D9%86%D9%8B%D8%A7%D8%8C%20%D8%AC%D8%B1%D8%A8%D9%88%D9%87%20%D8%A8%D9%86%D9%81%D8%B3%D9%83%D9%85%20%D8%AF%D9%84%D9%88%D9%82%D8%AA%D9%8A%3A%20https%3A//t.me/Madmona_bot%0A%D9%83%D9%84%D9%85%D9%88%D9%86%D8%A7%20%D9%84%D9%88%20%D8%AD%D8%A7%D8%A8%D9%8A%D9%86%20%D8%AA%D8%AA%D8%B3%D8%AC%D9%84%D9%88%D8%A7%20%F0%9F%99%8F,قاعدة بيانات مضمونة (cold_leads - status new)
عقارات (خارج مصر الجديدة - رسالة عامة),شقة للبيع - الإسكندرية,الإسكندرية,+201093311368,https://wa.me/201093311368?text=%D9%85%D8%B1%D8%AD%D8%A8%D9%8B%D8%A7%20%F0%9F%91%8B%20%D9%85%D8%B9%D8%A7%D9%83%D9%85%20%D9%81%D8%B1%D9%8A%D9%82%20%D9%85%D8%B6%D9%85%D9%88%D9%86%D8%A9%20%28madmonacairo.com%29%20%E2%80%94%20%D9%85%D9%86%D8%B5%D8%A9%20%D8%B9%D9%82%D8%A7%D8%B1%D8%A7%D8%AA%20%D9%88%D9%85%D8%B7%D8%A7%D8%B9%D9%85%20%D9%88%D8%AE%D8%AF%D9%85%D8%A7%D8%AA%D8%8C%20%D9%85%D9%82%D8%B1%D9%87%D8%A7%20%D9%85%D8%B5%D8%B1%20%D8%A7%D9%84%D8%AC%D8%AF%D9%8A%D8%AF%D8%A9%D8%8C%20%D8%A7%D9%84%D9%82%D8%A7%D9%87%D8%B1%D8%A9.%0A%D8%B9%D9%86%D8%AF%D9%86%D8%A7%20%22%D8%A7%D9%84%D9%85%D8%A7%D8%B1%D8%AF%22%20%F0%9F%A7%9E%E2%80%8D%E2%99%82%EF%B8%8F%20%D9%85%D8%B3%D8%A7%D8%B9%D8%AF%20%D8%B0%D9%83%D8%A7%D8%A1%20%D8%A7%D8%B5%D8%B7%D9%86%D8%A7%D8%B9%D9%8A%D8%8C%20%D8%A3%D9%8A%20%D8%AD%D8%AF%20%D9%8A%D8%B3%D8%A3%D9%84%D9%87%20%D8%B9%D9%86%20%D8%B9%D9%82%D8%A7%D8%B1%20%D9%8A%D8%B3%D8%AA%D8%A3%D8%AC%D8%B1%D9%87/%D9%8A%D8%B4%D8%AA%D8%B1%D9%8A%D9%87%20%D8%A3%D9%88%20%D9%85%D8%B7%D8%B9%D9%85%20%D9%8A%D9%82%D8%B9%D8%AF%20%D9%81%D9%8A%D9%87%D8%8C%20%D8%A8%D9%8A%D8%B1%D8%B4%D8%AD%D9%84%D9%87%20%D8%A7%D9%84%D9%85%D8%AD%D9%84%D8%A7%D8%AA%20%D9%88%D8%A7%D9%84%D8%B9%D9%82%D8%A7%D8%B1%D8%A7%D8%AA%20%D8%A7%D9%84%D9%85%D8%B3%D8%AC%D9%84%D8%A9%20%D8%B9%D9%86%D8%AF%D9%86%D8%A7%20%D9%81%D9%88%D8%B1%D9%8B%D8%A7.%0A%D9%84%D9%88%20%D8%AD%D8%A7%D8%A8%D9%8A%D9%86%20%D8%B9%D9%82%D8%A7%D8%B1%D9%83%20%D9%8A%D8%A8%D9%82%D9%89%20%D9%85%D9%86%20%D8%B6%D9%85%D9%86%20%D8%AA%D8%B1%D8%B4%D9%8A%D8%AD%D8%A7%D8%AA%20%D8%A7%D9%84%D9%85%D8%A7%D8%B1%D8%AF%20%D9%85%D8%AC%D8%A7%D9%86%D9%8B%D8%A7%D8%8C%20%D8%AC%D8%B1%D8%A8%D9%88%D9%87%20%D8%A8%D9%86%D9%81%D8%B3%D9%83%D9%85%20%D8%AF%D9%84%D9%88%D9%82%D8%AA%D9%8A%3A%20https%3A//t.me/Madmona_bot%0A%D9%83%D9%84%D9%85%D9%88%D9%86%D8%A7%20%D9%84%D9%88%20%D8%AD%D8%A7%D8%A8%D9%8A%D9%86%20%D8%AA%D8%AA%D8%B3%D8%AC%D9%84%D9%88%D8%A7%20%F0%9F%99%8F,قاعدة بيانات مضمونة (cold_leads - status new)
عقارات (خارج مصر الجديدة - رسالة عامة),شقة للبيع - الإسكندرية,الإسكندرية,+201080804223,https://wa.me/201080804223?text=%D9%85%D8%B1%D8%AD%D8%A8%D9%8B%D8%A7%20%F0%9F%91%8B%20%D9%85%D8%B9%D8%A7%D9%83%D9%85%20%D9%81%D8%B1%D9%8A%D9%82%20%D9%85%D8%B6%D9%85%D9%88%D9%86%D8%A9%20%28madmonacairo.com%29%20%E2%80%94%20%D9%85%D9%86%D8%B5%D8%A9%20%D8%B9%D9%82%D8%A7%D8%B1%D8%A7%D8%AA%20%D9%88%D9%85%D8%B7%D8%A7%D8%B9%D9%85%20%D9%88%D8%AE%D8%AF%D9%85%D8%A7%D8%AA%D8%8C%20%D9%85%D9%82%D8%B1%D9%87%D8%A7%20%D9%85%D8%B5%D8%B1%20%D8%A7%D9%84%D8%AC%D8%AF%D9%8A%D8%AF%D8%A9%D8%8C%20%D8%A7%D9%84%D9%82%D8%A7%D9%87%D8%B1%D8%A9.%0A%D8%B9%D9%86%D8%AF%D9%86%D8%A7%20%22%D8%A7%D9%84%D9%85%D8%A7%D8%B1%D8%AF%22%20%F0%9F%A7%9E%E2%80%8D%E2%99%82%EF%B8%8F%20%D9%85%D8%B3%D8%A7%D8%B9%D8%AF%20%D8%B0%D9%83%D8%A7%D8%A1%20%D8%A7%D8%B5%D8%B7%D9%86%D8%A7%D8%B9%D9%8A%D8%8C%20%D8%A3%D9%8A%20%D8%AD%D8%AF%20%D9%8A%D8%B3%D8%A3%D9%84%D9%87%20%D8%B9%D9%86%20%D8%B9%D9%82%D8%A7%D8%B1%20%D9%8A%D8%B3%D8%AA%D8%A3%D8%AC%D8%B1%D9%87/%D9%8A%D8%B4%D8%AA%D8%B1%D9%8A%D9%87%20%D8%A3%D9%88%20%D9%85%D8%B7%D8%B9%D9%85%20%D9%8A%D9%82%D8%B9%D8%AF%20%D9%81%D9%8A%D9%87%D8%8C%20%D8%A8%D9%8A%D8%B1%D8%B4%D8%AD%D9%84%D9%87%20%D8%A7%D9%84%D9%85%D8%AD%D9%84%D8%A7%D8%AA%20%D9%88%D8%A7%D9%84%D8%B9%D9%82%D8%A7%D8%B1%D8%A7%D8%AA%20%D8%A7%D9%84%D9%85%D8%B3%D8%AC%D9%84%D8%A9%20%D8%B9%D9%86%D8%AF%D9%86%D8%A7%20%D9%81%D9%88%D8%B1%D9%8B%D8%A7.%0A%D9%84%D9%88%20%D8%AD%D8%A7%D8%A8%D9%8A%D9%86%20%D8%B9%D9%82%D8%A7%D8%B1%D9%83%20%D9%8A%D8%A8%D9%82%D9%89%20%D9%85%D9%86%20%D8%B6%D9%85%D9%86%20%D8%AA%D8%B1%D8%B4%D9%8A%D8%AD%D8%A7%D8%AA%20%D8%A7%D9%84%D9%85%D8%A7%D8%B1%D8%AF%20%D9%85%D8%AC%D8%A7%D9%86%D9%8B%D8%A7%D8%8C%20%D8%AC%D8%B1%D8%A8%D9%88%D9%87%20%D8%A8%D9%86%D9%81%D8%B3%D9%83%D9%85%20%D8%AF%D9%84%D9%88%D9%82%D8%AA%D9%8A%3A%20https%3A//t.me/Madmona_bot%0A%D9%83%D9%84%D9%85%D9%88%D9%86%D8%A7%20%D9%84%D9%88%20%D8%AD%D8%A7%D8%A8%D9%8A%D9%86%20%D8%AA%D8%AA%D8%B3%D8%AC%D9%84%D9%88%D8%A7%20%F0%9F%99%8F,قاعدة بيانات مضمونة (cold_leads - status new)
عقارات (خارج مصر الجديدة - رسالة عامة),شقة للبيع - الإسكندرية,الإسكندرية,+201095730306,https://wa.me/201095730306?text=%D9%85%D8%B1%D8%AD%D8%A8%D9%8B%D8%A7%20%F0%9F%91%8B%20%D9%85%D8%B9%D8%A7%D9%83%D9%85%20%D9%81%D8%B1%D9%8A%D9%82%20%D9%85%D8%B6%D9%85%D9%88%D9%86%D8%A9%20%28madmonacairo.com%29%20%E2%80%94%20%D9%85%D9%86%D8%B5%D8%A9%20%D8%B9%D9%82%D8%A7%D8%B1%D8%A7%D8%AA%20%D9%88%D9%85%D8%B7%D8%A7%D8%B9%D9%85%20%D9%88%D8%AE%D8%AF%D9%85%D8%A7%D8%AA%D8%8C%20%D9%85%D9%82%D8%B1%D9%87%D8%A7%20%D9%85%D8%B5%D8%B1%20%D8%A7%D9%84%D8%AC%D8%AF%D9%8A%D8%AF%D8%A9%D8%8C%20%D8%A7%D9%84%D9%82%D8%A7%D9%87%D8%B1%D8%A9.%0A%D8%B9%D9%86%D8%AF%D9%86%D8%A7%20%22%D8%A7%D9%84%D9%85%D8%A7%D8%B1%D8%AF%22%20%F0%9F%A7%9E%E2%80%8D%E2%99%82%EF%B8%8F%20%D9%85%D8%B3%D8%A7%D8%B9%D8%AF%20%D8%B0%D9%83%D8%A7%D8%A1%20%D8%A7%D8%B5%D8%B7%D9%86%D8%A7%D8%B9%D9%8A%D8%8C%20%D8%A3%D9%8A%20%D8%AD%D8%AF%20%D9%8A%D8%B3%D8%A3%D9%84%D9%87%20%D8%B9%D9%86%20%D8%B9%D9%82%D8%A7%D8%B1%20%D9%8A%D8%B3%D8%AA%D8%A3%D8%AC%D8%B1%D9%87/%D9%8A%D8%B4%D8%AA%D8%B1%D9%8A%D9%87%20%D8%A3%D9%88%20%D9%85%D8%B7%D8%B9%D9%85%20%D9%8A%D9%82%D8%B9%D8%AF%20%D9%81%D9%8A%D9%87%D8%8C%20%D8%A8%D9%8A%D8%B1%D8%B4%D8%AD%D9%84%D9%87%20%D8%A7%D9%84%D9%85%D8%AD%D9%84%D8%A7%D8%AA%20%D9%88%D8%A7%D9%84%D8%B9%D9%82%D8%A7%D8%B1%D8%A7%D8%AA%20%D8%A7%D9%84%D9%85%D8%B3%D8%AC%D9%84%D8%A9%20%D8%B9%D9%86%D8%AF%D9%86%D8%A7%20%D9%81%D9%88%D8%B1%D9%8B%D8%A7.%0A%D9%84%D9%88%20%D8%AD%D8%A7%D8%A8%D9%8A%D9%86%20%D8%B9%D9%82%D8%A7%D8%B1%D9%83%20%D9%8A%D8%A8%D9%82%D9%89%20%D9%85%D9%86%20%D8%B6%D9%85%D9%86%20%D8%AA%D8%B1%D8%B4%D9%8A%D8%AD%D8%A7%D8%AA%20%D8%A7%D9%84%D9%85%D8%A7%D8%B1%D8%AF%20%D9%85%D8%AC%D8%A7%D9%86%D9%8B%D8%A7%D8%8C%20%D8%AC%D8%B1%D8%A8%D9%88%D9%87%20%D8%A8%D9%86%D9%81%D8%B3%D9%83%D9%85%20%D8%AF%D9%84%D9%88%D9%82%D8%AA%D9%8A%3A%20https%3A//t.me/Madmona_bot%0A%D9%83%D9%84%D9%85%D9%88%D9%86%D8%A7%20%D9%84%D9%88%20%D8%AD%D8%A7%D8%A8%D9%8A%D9%86%20%D8%AA%D8%AA%D8%B3%D8%AC%D9%84%D9%88%D8%A7%20%F0%9F%99%8F,قاعدة بيانات مضمونة (cold_leads - status new)
عقارات (خارج مصر الجديدة - رسالة عامة),شقة للبيع - الإسكندرية,الإسكندرية,+201000947905,https://wa.me/201000947905?text=%D9%85%D8%B1%D8%AD%D8%A8%D9%8B%D8%A7%20%F0%9F%91%8B%20%D9%85%D8%B9%D8%A7%D9%83%D9%85%20%D9%81%D8%B1%D9%8A%D9%82%20%D9%85%D8%B6%D9%85%D9%88%D9%86%D8%A9%20%28madmonacairo.com%29%20%E2%80%94%20%D9%85%D9%86%D8%B5%D8%A9%20%D8%B9%D9%82%D8%A7%D8%B1%D8%A7%D8%AA%20%D9%88%D9%85%D8%B7%D8%A7%D8%B9%D9%85%20%D9%88%D8%AE%D8%AF%D9%85%D8%A7%D8%AA%D8%8C%20%D9%85%D9%82%D8%B1%D9%87%D8%A7%20%D9%85%D8%B5%D8%B1%20%D8%A7%D9%84%D8%AC%D8%AF%D9%8A%D8%AF%D8%A9%D8%8C%20%D8%A7%D9%84%D9%82%D8%A7%D9%87%D8%B1%D8%A9.%0A%D8%B9%D9%86%D8%AF%D9%86%D8%A7%20%22%D8%A7%D9%84%D9%85%D8%A7%D8%B1%D8%AF%22%20%F0%9F%A7%9E%E2%80%8D%E2%99%82%EF%B8%8F%20%D9%85%D8%B3%D8%A7%D8%B9%D8%AF%20%D8%B0%D9%83%D8%A7%D8%A1%20%D8%A7%D8%B5%D8%B7%D9%86%D8%A7%D8%B9%D9%8A%D8%8C%20%D8%A3%D9%8A%20%D8%AD%D8%AF%20%D9%8A%D8%B3%D8%A3%D9%84%D9%87%20%D8%B9%D9%86%20%D8%B9%D9%82%D8%A7%D8%B1%20%D9%8A%D8%B3%D8%AA%D8%A3%D8%AC%D8%B1%D9%87/%D9%8A%D8%B4%D8%AA%D8%B1%D9%8A%D9%87%20%D8%A3%D9%88%20%D9%85%D8%B7%D8%B9%D9%85%20%D9%8A%D9%82%D8%B9%D8%AF%20%D9%81%D9%8A%D9%87%D8%8C%20%D8%A8%D9%8A%D8%B1%D8%B4%D8%AD%D9%84%D9%87%20%D8%A7%D9%84%D9%85%D8%AD%D9%84%D8%A7%D8%AA%20%D9%88%D8%A7%D9%84%D8%B9%D9%82%D8%A7%D8%B1%D8%A7%D8%AA%20%D8%A7%D9%84%D9%85%D8%B3%D8%AC%D9%84%D8%A9%20%D8%B9%D9%86%D8%AF%D9%86%D8%A7%20%D9%81%D9%88%D8%B1%D9%8B%D8%A7.%0A%D9%84%D9%88%20%D8%AD%D8%A7%D8%A8%D9%8A%D9%86%20%D8%B9%D9%82%D8%A7%D8%B1%D9%83%20%D9%8A%D8%A8%D9%82%D9%89%20%D9%85%D9%86%20%D8%B6%D9%85%D9%86%20%D8%AA%D8%B1%D8%B4%D9%8A%D8%AD%D8%A7%D8%AA%20%D8%A7%D9%84%D9%85%D8%A7%D8%B1%D8%AF%20%D9%85%D8%AC%D8%A7%D9%86%D9%8B%D8%A7%D8%8C%20%D8%AC%D8%B1%D8%A8%D9%88%D9%87%20%D8%A8%D9%86%D9%81%D8%B3%D9%83%D9%85%20%D8%AF%D9%84%D9%88%D9%82%D8%AA%D9%8A%3A%20https%3A//t.me/Madmona_bot%0A%D9%83%D9%84%D9%85%D9%88%D9%86%D8%A7%20%D9%84%D9%88%20%D8%AD%D8%A7%D8%A8%D9%8A%D9%86%20%D8%AA%D8%AA%D8%B3%D8%AC%D9%84%D9%88%D8%A7%20%F0%9F%99%8F,قاعدة بيانات مضمونة (cold_leads - status new)
عقارات (خارج مصر الجديدة - رسالة عامة),شقة للبيع - الإسكندرية,الإسكندرية,+201011818879,https://wa.me/201011818879?text=%D9%85%D8%B1%D8%AD%D8%A8%D9%8B%D8%A7%20%F0%9F%91%8B%20%D9%85%D8%B9%D8%A7%D9%83%D9%85%20%D9%81%D8%B1%D9%8A%D9%82%20%D9%85%D8%B6%D9%85%D9%88%D9%86%D8%A9%20%28madmonacairo.com%29%20%E2%80%94%20%D9%85%D9%86%D8%B5%D8%A9%20%D8%B9%D9%82%D8%A7%D8%B1%D8%A7%D8%AA%20%D9%88%D9%85%D8%B7%D8%A7%D8%B9%D9%85%20%D9%88%D8%AE%D8%AF%D9%85%D8%A7%D8%AA%D8%8C%20%D9%85%D9%82%D8%B1%D9%87%D8%A7%20%D9%85%D8%B5%D8%B1%20%D8%A7%D9%84%D8%AC%D8%AF%D9%8A%D8%AF%D8%A9%D8%8C%20%D8%A7%D9%84%D9%82%D8%A7%D9%87%D8%B1%D8%A9.%0A%D8%B9%D9%86%D8%AF%D9%86%D8%A7%20%22%D8%A7%D9%84%D9%85%D8%A7%D8%B1%D8%AF%22%20%F0%9F%A7%9E%E2%80%8D%E2%99%82%EF%B8%8F%20%D9%85%D8%B3%D8%A7%D8%B9%D8%AF%20%D8%B0%D9%83%D8%A7%D8%A1%20%D8%A7%D8%B5%D8%B7%D9%86%D8%A7%D8%B9%D9%8A%D8%8C%20%D8%A3%D9%8A%20%D8%AD%D8%AF%20%D9%8A%D8%B3%D8%A3%D9%84%D9%87%20%D8%B9%D9%86%20%D8%B9%D9%82%D8%A7%D8%B1%20%D9%8A%D8%B3%D8%AA%D8%A3%D8%AC%D8%B1%D9%87/%D9%8A%D8%B4%D8%AA%D8%B1%D9%8A%D9%87%20%D8%A3%D9%88%20%D9%85%D8%B7%D8%B9%D9%85%20%D9%8A%D9%82%D8%B9%D8%AF%20%D9%81%D9%8A%D9%87%D8%8C%20%D8%A8%D9%8A%D8%B1%D8%B4%D8%AD%D9%84%D9%87%20%D8%A7%D9%84%D9%85%D8%AD%D9%84%D8%A7%D8%AA%20%D9%88%D8%A7%D9%84%D8%B9%D9%82%D8%A7%D8%B1%D8%A7%D8%AA%20%D8%A7%D9%84%D9%85%D8%B3%D8%AC%D9%84%D8%A9%20%D8%B9%D9%86%D8%AF%D9%86%D8%A7%20%D9%81%D9%88%D8%B1%D9%8B%D8%A7.%0A%D9%84%D9%88%20%D8%AD%D8%A7%D8%A8%D9%8A%D9%86%20%D8%B9%D9%82%D8%A7%D8%B1%D9%83%20%D9%8A%D8%A8%D9%82%D9%89%20%D9%85%D9%86%20%D8%B6%D9%85%D9%86%20%D8%AA%D8%B1%D8%B4%D9%8A%D8%AD%D8%A7%D8%AA%20%D8%A7%D9%84%D9%85%D8%A7%D8%B1%D8%AF%20%D9%85%D8%AC%D8%A7%D9%86%D9%8B%D8%A7%D8%8C%20%D8%AC%D8%B1%D8%A8%D9%88%D9%87%20%D8%A8%D9%86%D9%81%D8%B3%D9%83%D9%85%20%D8%AF%D9%84%D9%88%D9%82%D8%AA%D9%8A%3A%20https%3A//t.me/Madmona_bot%0A%D9%83%D9%84%D9%85%D9%88%D9%86%D8%A7%20%D9%84%D9%88%20%D8%AD%D8%A7%D8%A8%D9%8A%D9%86%20%D8%AA%D8%AA%D8%B3%D8%AC%D9%84%D9%88%D8%A7%20%F0%9F%99%8F,قاعدة بيانات مضمونة (cold_leads - status new)
عقارات (خارج مصر الجديدة - رسالة عامة),شقة للبيع - الجيزة,الجيزة,+201500008200,https://wa.me/201500008200?text=%D9%85%D8%B1%D8%AD%D8%A8%D9%8B%D8%A7%20%F0%9F%91%8B%20%D9%85%D8%B9%D8%A7%D9%83%D9%85%20%D9%81%D8%B1%D9%8A%D9%82%20%D9%85%D8%B6%D9%85%D9%88%D9%86%D8%A9%20%28madmonacairo.com%29%20%E2%80%94%20%D9%85%D9%86%D8%B5%D8%A9%20%D8%B9%D9%82%D8%A7%D8%B1%D8%A7%D8%AA%20%D9%88%D9%85%D8%B7%D8%A7%D8%B9%D9%85%20%D9%88%D8%AE%D8%AF%D9%85%D8%A7%D8%AA%D8%8C%20%D9%85%D9%82%D8%B1%D9%87%D8%A7%20%D9%85%D8%B5%D8%B1%20%D8%A7%D9%84%D8%AC%D8%AF%D9%8A%D8%AF%D8%A9%D8%8C%20%D8%A7%D9%84%D9%82%D8%A7%D9%87%D8%B1%D8%A9.%0A%D8%B9%D9%86%D8%AF%D9%86%D8%A7%20%22%D8%A7%D9%84%D9%85%D8%A7%D8%B1%D8%AF%22%20%F0%9F%A7%9E%E2%80%8D%E2%99%82%EF%B8%8F%20%D9%85%D8%B3%D8%A7%D8%B9%D8%AF%20%D8%B0%D9%83%D8%A7%D8%A1%20%D8%A7%D8%B5%D8%B7%D9%86%D8%A7%D8%B9%D9%8A%D8%8C%20%D8%A3%D9%8A%20%D8%AD%D8%AF%20%D9%8A%D8%B3%D8%A3%D9%84%D9%87%20%D8%B9%D9%86%20%D8%B9%D9%82%D8%A7%D8%B1%20%D9%8A%D8%B3%D8%AA%D8%A3%D8%AC%D8%B1%D9%87/%D9%8A%D8%B4%D8%AA%D8%B1%D9%8A%D9%87%20%D8%A3%D9%88%20%D9%85%D8%B7%D8%B9%D9%85%20%D9%8A%D9%82%D8%B9%D8%AF%20%D9%81%D9%8A%D9%87%D8%8C%20%D8%A8%D9%8A%D8%B1%D8%B4%D8%AD%D9%84%D9%87%20%D8%A7%D9%84%D9%85%D8%AD%D9%84%D8%A7%D8%AA%20%D9%88%D8%A7%D9%84%D8%B9%D9%82%D8%A7%D8%B1%D8%A7%D8%AA%20%D8%A7%D9%84%D9%85%D8%B3%D8%AC%D9%84%D8%A9%20%D8%B9%D9%86%D8%AF%D9%86%D8%A7%20%D9%81%D9%88%D8%B1%D9%8B%D8%A7.%0A%D9%84%D9%88%20%D8%AD%D8%A7%D8%A8%D9%8A%D9%86%20%D8%B9%D9%82%D8%A7%D8%B1%D9%83%20%D9%8A%D8%A8%D9%82%D9%89%20%D9%85%D9%86%20%D8%B6%D9%85%D9%86%20%D8%AA%D8%B1%D8%B4%D9%8A%D8%AD%D8%A7%D8%AA%20%D8%A7%D9%84%D9%85%D8%A7%D8%B1%D8%AF%20%D9%85%D8%AC%D8%A7%D9%86%D9%8B%D8%A7%D8%8C%20%D8%AC%D8%B1%D8%A8%D9%88%D9%87%20%D8%A8%D9%86%D9%81%D8%B3%D9%83%D9%85%20%D8%AF%D9%84%D9%88%D9%82%D8%AA%D9%8A%3A%20https%3A//t.me/Madmona_bot%0A%D9%83%D9%84%D9%85%D9%88%D9%86%D8%A7%20%D9%84%D9%88%20%D8%AD%D8%A7%D8%A8%D9%8A%D9%86%20%D8%AA%D8%AA%D8%B3%D8%AC%D9%84%D9%88%D8%A7%20%F0%9F%99%8F,قاعدة بيانات مضمونة (cold_leads - status new)
عقارات (خارج مصر الجديدة - رسالة عامة),شقة للبيع - الجيزة,الجيزة,+201111483194,https://wa.me/201111483194?text=%D9%85%D8%B1%D8%AD%D8%A8%D9%8B%D8%A7%20%F0%9F%91%8B%20%D9%85%D8%B9%D8%A7%D9%83%D9%85%20%D9%81%D8%B1%D9%8A%D9%82%20%D9%85%D8%B6%D9%85%D9%88%D9%86%D8%A9%20%28madmonacairo.com%29%20%E2%80%94%20%D9%85%D9%86%D8%B5%D8%A9%20%D8%B9%D9%82%D8%A7%D8%B1%D8%A7%D8%AA%20%D9%88%D9%85%D8%B7%D8%A7%D8%B9%D9%85%20%D9%88%D8%AE%D8%AF%D9%85%D8%A7%D8%AA%D8%8C%20%D9%85%D9%82%D8%B1%D9%87%D8%A7%20%D9%85%D8%B5%D8%B1%20%D8%A7%D9%84%D8%AC%D8%AF%D9%8A%D8%AF%D8%A9%D8%8C%20%D8%A7%D9%84%D9%82%D8%A7%D9%87%D8%B1%D8%A9.%0A%D8%B9%D9%86%D8%AF%D9%86%D8%A7%20%22%D8%A7%D9%84%D9%85%D8%A7%D8%B1%D8%AF%22%20%F0%9F%A7%9E%E2%80%8D%E2%99%82%EF%B8%8F%20%D9%85%D8%B3%D8%A7%D8%B9%D8%AF%20%D8%B0%D9%83%D8%A7%D8%A1%20%D8%A7%D8%B5%D8%B7%D9%86%D8%A7%D8%B9%D9%8A%D8%8C%20%D8%A3%D9%8A%20%D8%AD%D8%AF%20%D9%8A%D8%B3%D8%A3%D9%84%D9%87%20%D8%B9%D9%86%20%D8%B9%D9%82%D8%A7%D8%B1%20%D9%8A%D8%B3%D8%AA%D8%A3%D8%AC%D8%B1%D9%87/%D9%8A%D8%B4%D8%AA%D8%B1%D9%8A%D9%87%20%D8%A3%D9%88%20%D9%85%D8%B7%D8%B9%D9%85%20%D9%8A%D9%82%D8%B9%D8%AF%20%D9%81%D9%8A%D9%87%D8%8C%20%D8%A8%D9%8A%D8%B1%D8%B4%D8%AD%D9%84%D9%87%20%D8%A7%D9%84%D9%85%D8%AD%D9%84%D8%A7%D8%AA%20%D9%88%D8%A7%D9%84%D8%B9%D9%82%D8%A7%D8%B1%D8%A7%D8%AA%20%D8%A7%D9%84%D9%85%D8%B3%D8%AC%D9%84%D8%A9%20%D8%B9%D9%86%D8%AF%D9%86%D8%A7%20%D9%81%D9%88%D8%B1%D9%8B%D8%A7.%0A%D9%84%D9%88%20%D8%AD%D8%A7%D8%A8%D9%8A%D9%86%20%D8%B9%D9%82%D8%A7%D8%B1%D9%83%20%D9%8A%D8%A8%D9%82%D9%89%20%D9%85%D9%86%20%D8%B6%D9%85%D9%86%20%D8%AA%D8%B1%D8%B4%D9%8A%D8%AD%D8%A7%D8%AA%20%D8%A7%D9%84%D9%85%D8%A7%D8%B1%D8%AF%20%D9%85%D8%AC%D8%A7%D9%86%D9%8B%D8%A7%D8%8C%20%D8%AC%D8%B1%D8%A8%D9%88%D9%87%20%D8%A8%D9%86%D9%81%D8%B3%D9%83%D9%85%20%D8%AF%D9%84%D9%88%D9%82%D8%AA%D9%8A%3A%20https%3A//t.me/Madmona_bot%0A%D9%83%D9%84%D9%85%D9%88%D9%86%D8%A7%20%D9%84%D9%88%20%D8%AD%D8%A7%D8%A8%D9%8A%D9%86%20%D8%AA%D8%AA%D8%B3%D8%AC%D9%84%D9%88%D8%A7%20%F0%9F%99%8F,قاعدة بيانات مضمونة (cold_leads - status new)
عقارات (خارج مصر الجديدة - رسالة عامة),شقة للبيع - الجيزة,الجيزة,+201222914429,https://wa.me/201222914429?text=%D9%85%D8%B1%D8%AD%D8%A8%D9%8B%D8%A7%20%F0%9F%91%8B%20%D9%85%D8%B9%D8%A7%D9%83%D9%85%20%D9%81%D8%B1%D9%8A%D9%82%20%D9%85%D8%B6%D9%85%D9%88%D9%86%D8%A9%20%28madmonacairo.com%29%20%E2%80%94%20%D9%85%D9%86%D8%B5%D8%A9%20%D8%B9%D9%82%D8%A7%D8%B1%D8%A7%D8%AA%20%D9%88%D9%85%D8%B7%D8%A7%D8%B9%D9%85%20%D9%88%D8%AE%D8%AF%D9%85%D8%A7%D8%AA%D8%8C%20%D9%85%D9%82%D8%B1%D9%87%D8%A7%20%D9%85%D8%B5%D8%B1%20%D8%A7%D9%84%D8%AC%D8%AF%D9%8A%D8%AF%D8%A9%D8%8C%20%D8%A7%D9%84%D9%82%D8%A7%D9%87%D8%B1%D8%A9.%0A%D8%B9%D9%86%D8%AF%D9%86%D8%A7%20%22%D8%A7%D9%84%D9%85%D8%A7%D8%B1%D8%AF%22%20%F0%9F%A7%9E%E2%80%8D%E2%99%82%EF%B8%8F%20%D9%85%D8%B3%D8%A7%D8%B9%D8%AF%20%D8%B0%D9%83%D8%A7%D8%A1%20%D8%A7%D8%B5%D8%B7%D9%86%D8%A7%D8%B9%D9%8A%D8%8C%20%D8%A3%D9%8A%20%D8%AD%D8%AF%20%D9%8A%D8%B3%D8%A3%D9%84%D9%87%20%D8%B9%D9%86%20%D8%B9%D9%82%D8%A7%D8%B1%20%D9%8A%D8%B3%D8%AA%D8%A3%D8%AC%D8%B1%D9%87/%D9%8A%D8%B4%D8%AA%D8%B1%D9%8A%D9%87%20%D8%A3%D9%88%20%D9%85%D8%B7%D8%B9%D9%85%20%D9%8A%D9%82%D8%B9%D8%AF%20%D9%81%D9%8A%D9%87%D8%8C%20%D8%A8%D9%8A%D8%B1%D8%B4%D8%AD%D9%84%D9%87%20%D8%A7%D9%84%D9%85%D8%AD%D9%84%D8%A7%D8%AA%20%D9%88%D8%A7%D9%84%D8%B9%D9%82%D8%A7%D8%B1%D8%A7%D8%AA%20%D8%A7%D9%84%D9%85%D8%B3%D8%AC%D9%84%D8%A9%20%D8%B9%D9%86%D8%AF%D9%86%D8%A7%20%D9%81%D9%88%D8%B1%D9%8B%D8%A7.%0A%D9%84%D9%88%20%D8%AD%D8%A7%D8%A8%D9%8A%D9%86%20%D8%B9%D9%82%D8%A7%D8%B1%D9%83%20%D9%8A%D8%A8%D9%82%D9%89%20%D9%85%D9%86%20%D8%B6%D9%85%D9%86%20%D8%AA%D8%B1%D8%B4%D9%8A%D8%AD%D8%A7%D8%AA%20%D8%A7%D9%84%D9%85%D8%A7%D8%B1%D8%AF%20%D9%85%D8%AC%D8%A7%D9%86%D9%8B%D8%A7%D8%8C%20%D8%AC%D8%B1%D8%A8%D9%88%D9%87%20%D8%A8%D9%86%D9%81%D8%B3%D9%83%D9%85%20%D8%AF%D9%84%D9%88%D9%82%D8%AA%D9%8A%3A%20https%3A//t.me/Madmona_bot%0A%D9%83%D9%84%D9%85%D9%88%D9%86%D8%A7%20%D9%84%D9%88%20%D8%AD%D8%A7%D8%A8%D9%8A%D9%86%20%D8%AA%D8%AA%D8%B3%D8%AC%D9%84%D9%88%D8%A7%20%F0%9F%99%8F,قاعدة بيانات مضمونة (cold_leads - status new)
عقارات (خارج مصر الجديدة - رسالة عامة),شقة للبيع - الجيزة,الجيزة,+201050900223,https://wa.me/201050900223?text=%D9%85%D8%B1%D8%AD%D8%A8%D9%8B%D8%A7%20%F0%9F%91%8B%20%D9%85%D8%B9%D8%A7%D9%83%D9%85%20%D9%81%D8%B1%D9%8A%D9%82%20%D9%85%D8%B6%D9%85%D9%88%D9%86%D8%A9%20%28madmonacairo.com%29%20%E2%80%94%20%D9%85%D9%86%D8%B5%D8%A9%20%D8%B9%D9%82%D8%A7%D8%B1%D8%A7%D8%AA%20%D9%88%D9%85%D8%B7%D8%A7%D8%B9%D9%85%20%D9%88%D8%AE%D8%AF%D9%85%D8%A7%D8%AA%D8%8C%20%D9%85%D9%82%D8%B1%D9%87%D8%A7%20%D9%85%D8%B5%D8%B1%20%D8%A7%D9%84%D8%AC%D8%AF%D9%8A%D8%AF%D8%A9%D8%8C%20%D8%A7%D9%84%D9%82%D8%A7%D9%87%D8%B1%D8%A9.%0A%D8%B9%D9%86%D8%AF%D9%86%D8%A7%20%22%D8%A7%D9%84%D9%85%D8%A7%D8%B1%D8%AF%22%20%F0%9F%A7%9E%E2%80%8D%E2%99%82%EF%B8%8F%20%D9%85%D8%B3%D8%A7%D8%B9%D8%AF%20%D8%B0%D9%83%D8%A7%D8%A1%20%D8%A7%D8%B5%D8%B7%D9%86%D8%A7%D8%B9%D9%8A%D8%8C%20%D8%A3%D9%8A%20%D8%AD%D8%AF%20%D9%8A%D8%B3%D8%A3%D9%84%D9%87%20%D8%B9%D9%86%20%D8%B9%D9%82%D8%A7%D8%B1%20%D9%8A%D8%B3%D8%AA%D8%A3%D8%AC%D8%B1%D9%87/%D9%8A%D8%B4%D8%AA%D8%B1%D9%8A%D9%87%20%D8%A3%D9%88%20%D9%85%D8%B7%D8%B9%D9%85%20%D9%8A%D9%82%D8%B9%D8%AF%20%D9%81%D9%8A%D9%87%D8%8C%20%D8%A8%D9%8A%D8%B1%D8%B4%D8%AD%D9%84%D9%87%20%D8%A7%D9%84%D9%85%D8%AD%D9%84%D8%A7%D8%AA%20%D9%88%D8%A7%D9%84%D8%B9%D9%82%D8%A7%D8%B1%D8%A7%D8%AA%20%D8%A7%D9%84%D9%85%D8%B3%D8%AC%D9%84%D8%A9%20%D8%B9%D9%86%D8%AF%D9%86%D8%A7%20%D9%81%D9%88%D8%B1%D9%8B%D8%A7.%0A%D9%84%D9%88%20%D8%AD%D8%A7%D8%A8%D9%8A%D9%86%20%D8%B9%D9%82%D8%A7%D8%B1%D9%83%20%D9%8A%D8%A8%D9%82%D9%89%20%D9%85%D9%86%20%D8%B6%D9%85%D9%86%20%D8%AA%D8%B1%D8%B4%D9%8A%D8%AD%D8%A7%D8%AA%20%D8%A7%D9%84%D9%85%D8%A7%D8%B1%D8%AF%20%D9%85%D8%AC%D8%A7%D9%86%D9%8B%D8%A7%D8%8C%20%D8%AC%D8%B1%D8%A8%D9%88%D9%87%20%D8%A8%D9%86%D9%81%D8%B3%D9%83%D9%85%20%D8%AF%D9%84%D9%88%D9%82%D8%AA%D9%8A%3A%20https%3A//t.me/Madmona_bot%0A%D9%83%D9%84%D9%85%D9%88%D9%86%D8%A7%20%D9%84%D9%88%20%D8%AD%D8%A7%D8%A8%D9%8A%D9%86%20%D8%AA%D8%AA%D8%B3%D8%AC%D9%84%D9%88%D8%A7%20%F0%9F%99%8F,قاعدة بيانات مضمونة (cold_leads - status new)
عقارات (خارج مصر الجديدة - رسالة عامة),شقة للبيع - الجيزة,الجيزة,+201031885567,https://wa.me/201031885567?text=%D9%85%D8%B1%D8%AD%D8%A8%D9%8B%D8%A7%20%F0%9F%91%8B%20%D9%85%D8%B9%D8%A7%D9%83%D9%85%20%D9%81%D8%B1%D9%8A%D9%82%20%D9%85%D8%B6%D9%85%D9%88%D9%86%D8%A9%20%28madmonacairo.com%29%20%E2%80%94%20%D9%85%D9%86%D8%B5%D8%A9%20%D8%B9%D9%82%D8%A7%D8%B1%D8%A7%D8%AA%20%D9%88%D9%85%D8%B7%D8%A7%D8%B9%D9%85%20%D9%88%D8%AE%D8%AF%D9%85%D8%A7%D8%AA%D8%8C%20%D9%85%D9%82%D8%B1%D9%87%D8%A7%20%D9%85%D8%B5%D8%B1%20%D8%A7%D9%84%D8%AC%D8%AF%D9%8A%D8%AF%D8%A9%D8%8C%20%D8%A7%D9%84%D9%82%D8%A7%D9%87%D8%B1%D8%A9.%0A%D8%B9%D9%86%D8%AF%D9%86%D8%A7%20%22%D8%A7%D9%84%D9%85%D8%A7%D8%B1%D8%AF%22%20%F0%9F%A7%9E%E2%80%8D%E2%99%82%EF%B8%8F%20%D9%85%D8%B3%D8%A7%D8%B9%D8%AF%20%D8%B0%D9%83%D8%A7%D8%A1%20%D8%A7%D8%B5%D8%B7%D9%86%D8%A7%D8%B9%D9%8A%D8%8C%20%D8%A3%D9%8A%20%D8%AD%D8%AF%20%D9%8A%D8%B3%D8%A3%D9%84%D9%87%20%D8%B9%D9%86%20%D8%B9%D9%82%D8%A7%D8%B1%20%D9%8A%D8%B3%D8%AA%D8%A3%D8%AC%D8%B1%D9%87/%D9%8A%D8%B4%D8%AA%D8%B1%D9%8A%D9%87%20%D8%A3%D9%88%20%D9%85%D8%B7%D8%B9%D9%85%20%D9%8A%D9%82%D8%B9%D8%AF%20%D9%81%D9%8A%D9%87%D8%8C%20%D8%A8%D9%8A%D8%B1%D8%B4%D8%AD%D9%84%D9%87%20%D8%A7%D9%84%D9%85%D8%AD%D9%84%D8%A7%D8%AA%20%D9%88%D8%A7%D9%84%D8%B9%D9%82%D8%A7%D8%B1%D8%A7%D8%AA%20%D8%A7%D9%84%D9%85%D8%B3%D8%AC%D9%84%D8%A9%20%D8%B9%D9%86%D8%AF%D9%86%D8%A7%20%D9%81%D9%88%D8%B1%D9%8B%D8%A7.%0A%D9%84%D9%88%20%D8%AD%D8%A7%D8%A8%D9%8A%D9%86%20%D8%B9%D9%82%D8%A7%D8%B1%D9%83%20%D9%8A%D8%A8%D9%82%D9%89%20%D9%85%D9%86%20%D8%B6%D9%85%D9%86%20%D8%AA%D8%B1%D8%B4%D9%8A%D8%AD%D8%A7%D8%AA%20%D8%A7%D9%84%D9%85%D8%A7%D8%B1%D8%AF%20%D9%85%D8%AC%D8%A7%D9%86%D9%8B%D8%A7%D8%8C%20%D8%AC%D8%B1%D8%A8%D9%88%D9%87%20%D8%A8%D9%86%D9%81%D8%B3%D9%83%D9%85%20%D8%AF%D9%84%D9%88%D9%82%D8%AA%D9%8A%3A%20https%3A//t.me/Madmona_bot%0A%D9%83%D9%84%D9%85%D9%88%D9%86%D8%A7%20%D9%84%D9%88%20%D8%AD%D8%A7%D8%A8%D9%8A%D9%86%20%D8%AA%D8%AA%D8%B3%D8%AC%D9%84%D9%88%D8%A7%20%F0%9F%99%8F,قاعدة بيانات مضمونة (cold_leads - status new)
عقارات (خارج مصر الجديدة - رسالة عامة),شقة للبيع - الجيزة,الجيزة,+201016416969,https://wa.me/201016416969?text=%D9%85%D8%B1%D8%AD%D8%A8%D9%8B%D8%A7%20%F0%9F%91%8B%20%D9%85%D8%B9%D8%A7%D9%83%D9%85%20%D9%81%D8%B1%D9%8A%D9%82%20%D9%85%D8%B6%D9%85%D9%88%D9%86%D8%A9%20%28madmonacairo.com%29%20%E2%80%94%20%D9%85%D9%86%D8%B5%D8%A9%20%D8%B9%D9%82%D8%A7%D8%B1%D8%A7%D8%AA%20%D9%88%D9%85%D8%B7%D8%A7%D8%B9%D9%85%20%D9%88%D8%AE%D8%AF%D9%85%D8%A7%D8%AA%D8%8C%20%D9%85%D9%82%D8%B1%D9%87%D8%A7%20%D9%85%D8%B5%D8%B1%20%D8%A7%D9%84%D8%AC%D8%AF%D9%8A%D8%AF%D8%A9%D8%8C%20%D8%A7%D9%84%D9%82%D8%A7%D9%87%D8%B1%D8%A9.%0A%D8%B9%D9%86%D8%AF%D9%86%D8%A7%20%22%D8%A7%D9%84%D9%85%D8%A7%D8%B1%D8%AF%22%20%F0%9F%A7%9E%E2%80%8D%E2%99%82%EF%B8%8F%20%D9%85%D8%B3%D8%A7%D8%B9%D8%AF%20%D8%B0%D9%83%D8%A7%D8%A1%20%D8%A7%D8%B5%D8%B7%D9%86%D8%A7%D8%B9%D9%8A%D8%8C%20%D8%A3%D9%8A%20%D8%AD%D8%AF%20%D9%8A%D8%B3%D8%A3%D9%84%D9%87%20%D8%B9%D9%86%20%D8%B9%D9%82%D8%A7%D8%B1%20%D9%8A%D8%B3%D8%AA%D8%A3%D8%AC%D8%B1%D9%87/%D9%8A%D8%B4%D8%AA%D8%B1%D9%8A%D9%87%20%D8%A3%D9%88%20%D9%85%D8%B7%D8%B9%D9%85%20%D9%8A%D9%82%D8%B9%D8%AF%20%D9%81%D9%8A%D9%87%D8%8C%20%D8%A8%D9%8A%D8%B1%D8%B4%D8%AD%D9%84%D9%87%20%D8%A7%D9%84%D9%85%D8%AD%D9%84%D8%A7%D8%AA%20%D9%88%D8%A7%D9%84%D8%B9%D9%82%D8%A7%D8%B1%D8%A7%D8%AA%20%D8%A7%D9%84%D9%85%D8%B3%D8%AC%D9%84%D8%A9%20%D8%B9%D9%86%D8%AF%D9%86%D8%A7%20%D9%81%D9%88%D8%B1%D9%8B%D8%A7.%0A%D9%84%D9%88%20%D8%AD%D8%A7%D8%A8%D9%8A%D9%86%20%D8%B9%D9%82%D8%A7%D8%B1%D9%83%20%D9%8A%D8%A8%D9%82%D9%89%20%D9%85%D9%86%20%D8%B6%D9%85%D9%86%20%D8%AA%D8%B1%D8%B4%D9%8A%D8%AD%D8%A7%D8%AA%20%D8%A7%D9%84%D9%85%D8%A7%D8%B1%D8%AF%20%D9%85%D8%AC%D8%A7%D9%86%D9%8B%D8%A7%D8%8C%20%D8%AC%D8%B1%D8%A8%D9%88%D9%87%20%D8%A8%D9%86%D9%81%D8%B3%D9%83%D9%85%20%D8%AF%D9%84%D9%88%D9%82%D8%AA%D9%8A%3A%20https%3A//t.me/Madmona_bot%0A%D9%83%D9%84%D9%85%D9%88%D9%86%D8%A7%20%D9%84%D9%88%20%D8%AD%D8%A7%D8%A8%D9%8A%D9%86%20%D8%AA%D8%AA%D8%B3%D8%AC%D9%84%D9%88%D8%A7%20%F0%9F%99%8F,قاعدة بيانات مضمونة (cold_leads - status new)
عقارات (خارج مصر الجديدة - رسالة عامة),شقة للبيع - الجيزة,الجيزة,+201030365066,https://wa.me/201030365066?text=%D9%85%D8%B1%D8%AD%D8%A8%D9%8B%D8%A7%20%F0%9F%91%8B%20%D9%85%D8%B9%D8%A7%D9%83%D9%85%20%D9%81%D8%B1%D9%8A%D9%82%20%D9%85%D8%B6%D9%85%D9%88%D9%86%D8%A9%20%28madmonacairo.com%29%20%E2%80%94%20%D9%85%D9%86%D8%B5%D8%A9%20%D8%B9%D9%82%D8%A7%D8%B1%D8%A7%D8%AA%20%D9%88%D9%85%D8%B7%D8%A7%D8%B9%D9%85%20%D9%88%D8%AE%D8%AF%D9%85%D8%A7%D8%AA%D8%8C%20%D9%85%D9%82%D8%B1%D9%87%D8%A7%20%D9%85%D8%B5%D8%B1%20%D8%A7%D9%84%D8%AC%D8%AF%D9%8A%D8%AF%D8%A9%D8%8C%20%D8%A7%D9%84%D9%82%D8%A7%D9%87%D8%B1%D8%A9.%0A%D8%B9%D9%86%D8%AF%D9%86%D8%A7%20%22%D8%A7%D9%84%D9%85%D8%A7%D8%B1%D8%AF%22%20%F0%9F%A7%9E%E2%80%8D%E2%99%82%EF%B8%8F%20%D9%85%D8%B3%D8%A7%D8%B9%D8%AF%20%D8%B0%D9%83%D8%A7%D8%A1%20%D8%A7%D8%B5%D8%B7%D9%86%D8%A7%D8%B9%D9%8A%D8%8C%20%D8%A3%D9%8A%20%D8%AD%D8%AF%20%D9%8A%D8%B3%D8%A3%D9%84%D9%87%20%D8%B9%D9%86%20%D8%B9%D9%82%D8%A7%D8%B1%20%D9%8A%D8%B3%D8%AA%D8%A3%D8%AC%D8%B1%D9%87/%D9%8A%D8%B4%D8%AA%D8%B1%D9%8A%D9%87%20%D8%A3%D9%88%20%D9%85%D8%B7%D8%B9%D9%85%20%D9%8A%D9%82%D8%B9%D8%AF%20%D9%81%D9%8A%D9%87%D8%8C%20%D8%A8%D9%8A%D8%B1%D8%B4%D8%AD%D9%84%D9%87%20%D8%A7%D9%84%D9%85%D8%AD%D9%84%D8%A7%D8%AA%20%D9%88%D8%A7%D9%84%D8%B9%D9%82%D8%A7%D8%B1%D8%A7%D8%AA%20%D8%A7%D9%84%D9%85%D8%B3%D8%AC%D9%84%D8%A9%20%D8%B9%D9%86%D8%AF%D9%86%D8%A7%20%D9%81%D9%88%D8%B1%D9%8B%D8%A7.%0A%D9%84%D9%88%20%D8%AD%D8%A7%D8%A8%D9%8A%D9%86%20%D8%B9%D9%82%D8%A7%D8%B1%D9%83%20%D9%8A%D8%A8%D9%82%D9%89%20%D9%85%D9%86%20%D8%B6%D9%85%D9%86%20%D8%AA%D8%B1%D8%B4%D9%8A%D8%AD%D8%A7%D8%AA%20%D8%A7%D9%84%D9%85%D8%A7%D8%B1%D8%AF%20%D9%85%D8%AC%D8%A7%D9%86%D9%8B%D8%A7%D8%8C%20%D8%AC%D8%B1%D8%A8%D9%88%D9%87%20%D8%A8%D9%86%D9%81%D8%B3%D9%83%D9%85%20%D8%AF%D9%84%D9%88%D9%82%D8%AA%D9%8A%3A%20https%3A//t.me/Madmona_bot%0A%D9%83%D9%84%D9%85%D9%88%D9%86%D8%A7%20%D9%84%D9%88%20%D8%AD%D8%A7%D8%A8%D9%8A%D9%86%20%D8%AA%D8%AA%D8%B3%D8%AC%D9%84%D9%88%D8%A7%20%F0%9F%99%8F,قاعدة بيانات مضمونة (cold_leads - status new)
عقارات (خارج مصر الجديدة - رسالة عامة),شقة للبيع - الشيخ زايد,الشيخ زايد,+201067122882,https://wa.me/201067122882?text=%D9%85%D8%B1%D8%AD%D8%A8%D9%8B%D8%A7%20%F0%9F%91%8B%20%D9%85%D8%B9%D8%A7%D9%83%D9%85%20%D9%81%D8%B1%D9%8A%D9%82%20%D9%85%D8%B6%D9%85%D9%88%D9%86%D8%A9%20%28madmonacairo.com%29%20%E2%80%94%20%D9%85%D9%86%D8%B5%D8%A9%20%D8%B9%D9%82%D8%A7%D8%B1%D8%A7%D8%AA%20%D9%88%D9%85%D8%B7%D8%A7%D8%B9%D9%85%20%D9%88%D8%AE%D8%AF%D9%85%D8%A7%D8%AA%D8%8C%20%D9%85%D9%82%D8%B1%D9%87%D8%A7%20%D9%85%D8%B5%D8%B1%20%D8%A7%D9%84%D8%AC%D8%AF%D9%8A%D8%AF%D8%A9%D8%8C%20%D8%A7%D9%84%D9%82%D8%A7%D9%87%D8%B1%D8%A9.%0A%D8%B9%D9%86%D8%AF%D9%86%D8%A7%20%22%D8%A7%D9%84%D9%85%D8%A7%D8%B1%D8%AF%22%20%F0%9F%A7%9E%E2%80%8D%E2%99%82%EF%B8%8F%20%D9%85%D8%B3%D8%A7%D8%B9%D8%AF%20%D8%B0%D9%83%D8%A7%D8%A1%20%D8%A7%D8%B5%D8%B7%D9%86%D8%A7%D8%B9%D9%8A%D8%8C%20%D8%A3%D9%8A%20%D8%AD%D8%AF%20%D9%8A%D8%B3%D8%A3%D9%84%D9%87%20%D8%B9%D9%86%20%D8%B9%D9%82%D8%A7%D8%B1%20%D9%8A%D8%B3%D8%AA%D8%A3%D8%AC%D8%B1%D9%87/%D9%8A%D8%B4%D8%AA%D8%B1%D9%8A%D9%87%20%D8%A3%D9%88%20%D9%85%D8%B7%D8%B9%D9%85%20%D9%8A%D9%82%D8%B9%D8%AF%20%D9%81%D9%8A%D9%87%D8%8C%20%D8%A8%D9%8A%D8%B1%D8%B4%D8%AD%D9%84%D9%87%20%D8%A7%D9%84%D9%85%D8%AD%D9%84%D8%A7%D8%AA%20%D9%88%D8%A7%D9%84%D8%B9%D9%82%D8%A7%D8%B1%D8%A7%D8%AA%20%D8%A7%D9%84%D9%85%D8%B3%D8%AC%D9%84%D8%A9%20%D8%B9%D9%86%D8%AF%D9%86%D8%A7%20%D9%81%D9%88%D8%B1%D9%8B%D8%A7.%0A%D9%84%D9%88%20%D8%AD%D8%A7%D8%A8%D9%8A%D9%86%20%D8%B9%D9%82%D8%A7%D8%B1%D9%83%20%D9%8A%D8%A8%D9%82%D9%89%20%D9%85%D9%86%20%D8%B6%D9%85%D9%86%20%D8%AA%D8%B1%D8%B4%D9%8A%D8%AD%D8%A7%D8%AA%20%D8%A7%D9%84%D9%85%D8%A7%D8%B1%D8%AF%20%D9%85%D8%AC%D8%A7%D9%86%D9%8B%D8%A7%D8%8C%20%D8%AC%D8%B1%D8%A8%D9%88%D9%87%20%D8%A8%D9%86%D9%81%D8%B3%D9%83%D9%85%20%D8%AF%D9%84%D9%88%D9%82%D8%AA%D9%8A%3A%20https%3A//t.me/Madmona_bot%0A%D9%83%D9%84%D9%85%D9%88%D9%86%D8%A7%20%D9%84%D9%88%20%D8%AD%D8%A7%D8%A8%D9%8A%D9%86%20%D8%AA%D8%AA%D8%B3%D8%AC%D9%84%D9%88%D8%A7%20%F0%9F%99%8F,قاعدة بيانات مضمونة (cold_leads - status new)
عقارات (خارج مصر الجديدة - رسالة عامة),شقة للبيع - الشيخ زايد,الشيخ زايد,+201009664326,https://wa.me/201009664326?text=%D9%85%D8%B1%D8%AD%D8%A8%D9%8B%D8%A7%20%F0%9F%91%8B%20%D9%85%D8%B9%D8%A7%D9%83%D9%85%20%D9%81%D8%B1%D9%8A%D9%82%20%D9%85%D8%B6%D9%85%D9%88%D9%86%D8%A9%20%28madmonacairo.com%29%20%E2%80%94%20%D9%85%D9%86%D8%B5%D8%A9%20%D8%B9%D9%82%D8%A7%D8%B1%D8%A7%D8%AA%20%D9%88%D9%85%D8%B7%D8%A7%D8%B9%D9%85%20%D9%88%D8%AE%D8%AF%D9%85%D8%A7%D8%AA%D8%8C%20%D9%85%D9%82%D8%B1%D9%87%D8%A7%20%D9%85%D8%B5%D8%B1%20%D8%A7%D9%84%D8%AC%D8%AF%D9%8A%D8%AF%D8%A9%D8%8C%20%D8%A7%D9%84%D9%82%D8%A7%D9%87%D8%B1%D8%A9.%0A%D8%B9%D9%86%D8%AF%D9%86%D8%A7%20%22%D8%A7%D9%84%D9%85%D8%A7%D8%B1%D8%AF%22%20%F0%9F%A7%9E%E2%80%8D%E2%99%82%EF%B8%8F%20%D9%85%D8%B3%D8%A7%D8%B9%D8%AF%20%D8%B0%D9%83%D8%A7%D8%A1%20%D8%A7%D8%B5%D8%B7%D9%86%D8%A7%D8%B9%D9%8A%D8%8C%20%D8%A3%D9%8A%20%D8%AD%D8%AF%20%D9%8A%D8%B3%D8%A3%D9%84%D9%87%20%D8%B9%D9%86%20%D8%B9%D9%82%D8%A7%D8%B1%20%D9%8A%D8%B3%D8%AA%D8%A3%D8%AC%D8%B1%D9%87/%D9%8A%D8%B4%D8%AA%D8%B1%D9%8A%D9%87%20%D8%A3%D9%88%20%D9%85%D8%B7%D8%B9%D9%85%20%D9%8A%D9%82%D8%B9%D8%AF%20%D9%81%D9%8A%D9%87%D8%8C%20%D8%A8%D9%8A%D8%B1%D8%B4%D8%AD%D9%84%D9%87%20%D8%A7%D9%84%D9%85%D8%AD%D9%84%D8%A7%D8%AA%20%D9%88%D8%A7%D9%84%D8%B9%D9%82%D8%A7%D8%B1%D8%A7%D8%AA%20%D8%A7%D9%84%D9%85%D8%B3%D8%AC%D9%84%D8%A9%20%D8%B9%D9%86%D8%AF%D9%86%D8%A7%20%D9%81%D9%88%D8%B1%D9%8B%D8%A7.%0A%D9%84%D9%88%20%D8%AD%D8%A7%D8%A8%D9%8A%D9%86%20%D8%B9%D9%82%D8%A7%D8%B1%D9%83%20%D9%8A%D8%A8%D9%82%D9%89%20%D9%85%D9%86%20%D8%B6%D9%85%D9%86%20%D8%AA%D8%B1%D8%B4%D9%8A%D8%AD%D8%A7%D8%AA%20%D8%A7%D9%84%D9%85%D8%A7%D8%B1%D8%AF%20%D9%85%D8%AC%D8%A7%D9%86%D9%8B%D8%A7%D8%8C%20%D8%AC%D8%B1%D8%A8%D9%88%D9%87%20%D8%A8%D9%86%D9%81%D8%B3%D9%83%D9%85%20%D8%AF%D9%84%D9%88%D9%82%D8%AA%D9%8A%3A%20https%3A//t.me/Madmona_bot%0A%D9%83%D9%84%D9%85%D9%88%D9%86%D8%A7%20%D9%84%D9%88%20%D8%AD%D8%A7%D8%A8%D9%8A%D9%86%20%D8%AA%D8%AA%D8%B3%D8%AC%D9%84%D9%88%D8%A7%20%F0%9F%99%8F,قاعدة بيانات مضمونة (cold_leads - status new)
عقارات (خارج مصر الجديدة - رسالة عامة),شقة للبيع - القاهرة,القاهرة,+201114840865,https://wa.me/201114840865?text=%D9%85%D8%B1%D8%AD%D8%A8%D9%8B%D8%A7%20%F0%9F%91%8B%20%D9%85%D8%B9%D8%A7%D9%83%D9%85%20%D9%81%D8%B1%D9%8A%D9%82%20%D9%85%D8%B6%D9%85%D9%88%D9%86%D8%A9%20%28madmonacairo.com%29%20%E2%80%94%20%D9%85%D9%86%D8%B5%D8%A9%20%D8%B9%D9%82%D8%A7%D8%B1%D8%A7%D8%AA%20%D9%88%D9%85%D8%B7%D8%A7%D8%B9%D9%85%20%D9%88%D8%AE%D8%AF%D9%85%D8%A7%D8%AA%D8%8C%20%D9%85%D9%82%D8%B1%D9%87%D8%A7%20%D9%85%D8%B5%D8%B1%20%D8%A7%D9%84%D8%AC%D8%AF%D9%8A%D8%AF%D8%A9%D8%8C%20%D8%A7%D9%84%D9%82%D8%A7%D9%87%D8%B1%D8%A9.%0A%D8%B9%D9%86%D8%AF%D9%86%D8%A7%20%22%D8%A7%D9%84%D9%85%D8%A7%D8%B1%D8%AF%22%20%F0%9F%A7%9E%E2%80%8D%E2%99%82%EF%B8%8F%20%D9%85%D8%B3%D8%A7%D8%B9%D8%AF%20%D8%B0%D9%83%D8%A7%D8%A1%20%D8%A7%D8%B5%D8%B7%D9%86%D8%A7%D8%B9%D9%8A%D8%8C%20%D8%A3%D9%8A%20%D8%AD%D8%AF%20%D9%8A%D8%B3%D8%A3%D9%84%D9%87%20%D8%B9%D9%86%20%D8%B9%D9%82%D8%A7%D8%B1%20%D9%8A%D8%B3%D8%AA%D8%A3%D8%AC%D8%B1%D9%87/%D9%8A%D8%B4%D8%AA%D8%B1%D9%8A%D9%87%20%D8%A3%D9%88%20%D9%85%D8%B7%D8%B9%D9%85%20%D9%8A%D9%82%D8%B9%D8%AF%20%D9%81%D9%8A%D9%87%D8%8C%20%D8%A8%D9%8A%D8%B1%D8%B4%D8%AD%D9%84%D9%87%20%D8%A7%D9%84%D9%85%D8%AD%D9%84%D8%A7%D8%AA%20%D9%88%D8%A7%D9%84%D8%B9%D9%82%D8%A7%D8%B1%D8%A7%D8%AA%20%D8%A7%D9%84%D9%85%D8%B3%D8%AC%D9%84%D8%A9%20%D8%B9%D9%86%D8%AF%D9%86%D8%A7%20%D9%81%D9%88%D8%B1%D9%8B%D8%A7.%0A%D9%84%D9%88%20%D8%AD%D8%A7%D8%A8%D9%8A%D9%86%20%D8%B9%D9%82%D8%A7%D8%B1%D9%83%20%D9%8A%D8%A8%D9%82%D9%89%20%D9%85%D9%86%20%D8%B6%D9%85%D9%86%20%D8%AA%D8%B1%D8%B4%D9%8A%D8%AD%D8%A7%D8%AA%20%D8%A7%D9%84%D9%85%D8%A7%D8%B1%D8%AF%20%D9%85%D8%AC%D8%A7%D9%86%D9%8B%D8%A7%D8%8C%20%D8%AC%D8%B1%D8%A8%D9%88%D9%87%20%D8%A8%D9%86%D9%81%D8%B3%D9%83%D9%85%20%D8%AF%D9%84%D9%88%D9%82%D8%AA%D9%8A%3A%20https%3A//t.me/Madmona_bot%0A%D9%83%D9%84%D9%85%D9%88%D9%86%D8%A7%20%D9%84%D9%88%20%D8%AD%D8%A7%D8%A8%D9%8A%D9%86%20%D8%AA%D8%AA%D8%B3%D8%AC%D9%84%D9%88%D8%A7%20%F0%9F%99%8F,قاعدة بيانات مضمونة (cold_leads - status new)
عقارات (خارج مصر الجديدة - رسالة عامة),شقة للبيع - القاهرة,القاهرة,+201097240088,https://wa.me/201097240088?text=%D9%85%D8%B1%D8%AD%D8%A8%D9%8B%D8%A7%20%F0%9F%91%8B%20%D9%85%D8%B9%D8%A7%D9%83%D9%85%20%D9%81%D8%B1%D9%8A%D9%82%20%D9%85%D8%B6%D9%85%D9%88%D9%86%D8%A9%20%28madmonacairo.com%29%20%E2%80%94%20%D9%85%D9%86%D8%B5%D8%A9%20%D8%B9%D9%82%D8%A7%D8%B1%D8%A7%D8%AA%20%D9%88%D9%85%D8%B7%D8%A7%D8%B9%D9%85%20%D9%88%D8%AE%D8%AF%D9%85%D8%A7%D8%AA%D8%8C%20%D9%85%D9%82%D8%B1%D9%87%D8%A7%20%D9%85%D8%B5%D8%B1%20%D8%A7%D9%84%D8%AC%D8%AF%D9%8A%D8%AF%D8%A9%D8%8C%20%D8%A7%D9%84%D9%82%D8%A7%D9%87%D8%B1%D8%A9.%0A%D8%B9%D9%86%D8%AF%D9%86%D8%A7%20%22%D8%A7%D9%84%D9%85%D8%A7%D8%B1%D8%AF%22%20%F0%9F%A7%9E%E2%80%8D%E2%99%82%EF%B8%8F%20%D9%85%D8%B3%D8%A7%D8%B9%D8%AF%20%D8%B0%D9%83%D8%A7%D8%A1%20%D8%A7%D8%B5%D8%B7%D9%86%D8%A7%D8%B9%D9%8A%D8%8C%20%D8%A3%D9%8A%20%D8%AD%D8%AF%20%D9%8A%D8%B3%D8%A3%D9%84%D9%87%20%D8%B9%D9%86%20%D8%B9%D9%82%D8%A7%D8%B1%20%D9%8A%D8%B3%D8%AA%D8%A3%D8%AC%D8%B1%D9%87/%D9%8A%D8%B4%D8%AA%D8%B1%D9%8A%D9%87%20%D8%A3%D9%88%20%D9%85%D8%B7%D8%B9%D9%85%20%D9%8A%D9%82%D8%B9%D8%AF%20%D9%81%D9%8A%D9%87%D8%8C%20%D8%A8%D9%8A%D8%B1%D8%B4%D8%AD%D9%84%D9%87%20%D8%A7%D9%84%D9%85%D8%AD%D9%84%D8%A7%D8%AA%20%D9%88%D8%A7%D9%84%D8%B9%D9%82%D8%A7%D8%B1%D8%A7%D8%AA%20%D8%A7%D9%84%D9%85%D8%B3%D8%AC%D9%84%D8%A9%20%D8%B9%D9%86%D8%AF%D9%86%D8%A7%20%D9%81%D9%88%D8%B1%D9%8B%D8%A7.%0A%D9%84%D9%88%20%D8%AD%D8%A7%D8%A8%D9%8A%D9%86%20%D8%B9%D9%82%D8%A7%D8%B1%D9%83%20%D9%8A%D8%A8%D9%82%D9%89%20%D9%85%D9%86%20%D8%B6%D9%85%D9%86%20%D8%AA%D8%B1%D8%B4%D9%8A%D8%AD%D8%A7%D8%AA%20%D8%A7%D9%84%D9%85%D8%A7%D8%B1%D8%AF%20%D9%85%D8%AC%D8%A7%D9%86%D9%8B%D8%A7%D8%8C%20%D8%AC%D8%B1%D8%A8%D9%88%D9%87%20%D8%A8%D9%86%D9%81%D8%B3%D9%83%D9%85%20%D8%AF%D9%84%D9%88%D9%82%D8%AA%D9%8A%3A%20https%3A//t.me/Madmona_bot%0A%D9%83%D9%84%D9%85%D9%88%D9%86%D8%A7%20%D9%84%D9%88%20%D8%AD%D8%A7%D8%A8%D9%8A%D9%86%20%D8%AA%D8%AA%D8%B3%D8%AC%D9%84%D9%88%D8%A7%20%F0%9F%99%8F,قاعدة بيانات مضمونة (cold_leads - status new)
عقارات (خارج مصر الجديدة - رسالة عامة),شقة للبيع - القاهرة,القاهرة,+201012300642,https://wa.me/201012300642?text=%D9%85%D8%B1%D8%AD%D8%A8%D9%8B%D8%A7%20%F0%9F%91%8B%20%D9%85%D8%B9%D8%A7%D9%83%D9%85%20%D9%81%D8%B1%D9%8A%D9%82%20%D9%85%D8%B6%D9%85%D9%88%D9%86%D8%A9%20%28madmonacairo.com%29%20%E2%80%94%20%D9%85%D9%86%D8%B5%D8%A9%20%D8%B9%D9%82%D8%A7%D8%B1%D8%A7%D8%AA%20%D9%88%D9%85%D8%B7%D8%A7%D8%B9%D9%85%20%D9%88%D8%AE%D8%AF%D9%85%D8%A7%D8%AA%D8%8C%20%D9%85%D9%82%D8%B1%D9%87%D8%A7%20%D9%85%D8%B5%D8%B1%20%D8%A7%D9%84%D8%AC%D8%AF%D9%8A%D8%AF%D8%A9%D8%8C%20%D8%A7%D9%84%D9%82%D8%A7%D9%87%D8%B1%D8%A9.%0A%D8%B9%D9%86%D8%AF%D9%86%D8%A7%20%22%D8%A7%D9%84%D9%85%D8%A7%D8%B1%D8%AF%22%20%F0%9F%A7%9E%E2%80%8D%E2%99%82%EF%B8%8F%20%D9%85%D8%B3%D8%A7%D8%B9%D8%AF%20%D8%B0%D9%83%D8%A7%D8%A1%20%D8%A7%D8%B5%D8%B7%D9%86%D8%A7%D8%B9%D9%8A%D8%8C%20%D8%A3%D9%8A%20%D8%AD%D8%AF%20%D9%8A%D8%B3%D8%A3%D9%84%D9%87%20%D8%B9%D9%86%20%D8%B9%D9%82%D8%A7%D8%B1%20%D9%8A%D8%B3%D8%AA%D8%A3%D8%AC%D8%B1%D9%87/%D9%8A%D8%B4%D8%AA%D8%B1%D9%8A%D9%87%20%D8%A3%D9%88%20%D9%85%D8%B7%D8%B9%D9%85%20%D9%8A%D9%82%D8%B9%D8%AF%20%D9%81%D9%8A%D9%87%D8%8C%20%D8%A8%D9%8A%D8%B1%D8%B4%D8%AD%D9%84%D9%87%20%D8%A7%D9%84%D9%85%D8%AD%D9%84%D8%A7%D8%AA%20%D9%88%D8%A7%D9%84%D8%B9%D9%82%D8%A7%D8%B1%D8%A7%D8%AA%20%D8%A7%D9%84%D9%85%D8%B3%D8%AC%D9%84%D8%A9%20%D8%B9%D9%86%D8%AF%D9%86%D8%A7%20%D9%81%D9%88%D8%B1%D9%8B%D8%A7.%0A%D9%84%D9%88%20%D8%AD%D8%A7%D8%A8%D9%8A%D9%86%20%D8%B9%D9%82%D8%A7%D8%B1%D9%83%20%D9%8A%D8%A8%D9%82%D9%89%20%D9%85%D9%86%20%D8%B6%D9%85%D9%86%20%D8%AA%D8%B1%D8%B4%D9%8A%D8%AD%D8%A7%D8%AA%20%D8%A7%D9%84%D9%85%D8%A7%D8%B1%D8%AF%20%D9%85%D8%AC%D8%A7%D9%86%D9%8B%D8%A7%D8%8C%20%D8%AC%D8%B1%D8%A8%D9%88%D9%87%20%D8%A8%D9%86%D9%81%D8%B3%D9%83%D9%85%20%D8%AF%D9%84%D9%88%D9%82%D8%AA%D9%8A%3A%20https%3A//t.me/Madmona_bot%0A%D9%83%D9%84%D9%85%D9%88%D9%86%D8%A7%20%D9%84%D9%88%20%D8%AD%D8%A7%D8%A8%D9%8A%D9%86%20%D8%AA%D8%AA%D8%B3%D8%AC%D9%84%D9%88%D8%A7%20%F0%9F%99%8F,قاعدة بيانات مضمونة (cold_leads - status new)
عقارات (خارج مصر الجديدة - رسالة عامة),شقة للبيع - القاهرة,القاهرة,+201067155586,https://wa.me/201067155586?text=%D9%85%D8%B1%D8%AD%D8%A8%D9%8B%D8%A7%20%F0%9F%91%8B%20%D9%85%D8%B9%D8%A7%D9%83%D9%85%20%D9%81%D8%B1%D9%8A%D9%82%20%D9%85%D8%B6%D9%85%D9%88%D9%86%D8%A9%20%28madmonacairo.com%29%20%E2%80%94%20%D9%85%D9%86%D8%B5%D8%A9%20%D8%B9%D9%82%D8%A7%D8%B1%D8%A7%D8%AA%20%D9%88%D9%85%D8%B7%D8%A7%D8%B9%D9%85%20%D9%88%D8%AE%D8%AF%D9%85%D8%A7%D8%AA%D8%8C%20%D9%85%D9%82%D8%B1%D9%87%D8%A7%20%D9%85%D8%B5%D8%B1%20%D8%A7%D9%84%D8%AC%D8%AF%D9%8A%D8%AF%D8%A9%D8%8C%20%D8%A7%D9%84%D9%82%D8%A7%D9%87%D8%B1%D8%A9.%0A%D8%B9%D9%86%D8%AF%D9%86%D8%A7%20%22%D8%A7%D9%84%D9%85%D8%A7%D8%B1%D8%AF%22%20%F0%9F%A7%9E%E2%80%8D%E2%99%82%EF%B8%8F%20%D9%85%D8%B3%D8%A7%D8%B9%D8%AF%20%D8%B0%D9%83%D8%A7%D8%A1%20%D8%A7%D8%B5%D8%B7%D9%86%D8%A7%D8%B9%D9%8A%D8%8C%20%D8%A3%D9%8A%20%D8%AD%D8%AF%20%D9%8A%D8%B3%D8%A3%D9%84%D9%87%20%D8%B9%D9%86%20%D8%B9%D9%82%D8%A7%D8%B1%20%D9%8A%D8%B3%D8%AA%D8%A3%D8%AC%D8%B1%D9%87/%D9%8A%D8%B4%D8%AA%D8%B1%D9%8A%D9%87%20%D8%A3%D9%88%20%D9%85%D8%B7%D8%B9%D9%85%20%D9%8A%D9%82%D8%B9%D8%AF%20%D9%81%D9%8A%D9%87%D8%8C%20%D8%A8%D9%8A%D8%B1%D8%B4%D8%AD%D9%84%D9%87%20%D8%A7%D9%84%D9%85%D8%AD%D9%84%D8%A7%D8%AA%20%D9%88%D8%A7%D9%84%D8%B9%D9%82%D8%A7%D8%B1%D8%A7%D8%AA%20%D8%A7%D9%84%D9%85%D8%B3%D8%AC%D9%84%D8%A9%20%D8%B9%D9%86%D8%AF%D9%86%D8%A7%20%D9%81%D9%88%D8%B1%D9%8B%D8%A7.%0A%D9%84%D9%88%20%D8%AD%D8%A7%D8%A8%D9%8A%D9%86%20%D8%B9%D9%82%D8%A7%D8%B1%D9%83%20%D9%8A%D8%A8%D9%82%D9%89%20%D9%85%D9%86%20%D8%B6%D9%85%D9%86%20%D8%AA%D8%B1%D8%B4%D9%8A%D8%AD%D8%A7%D8%AA%20%D8%A7%D9%84%D9%85%D8%A7%D8%B1%D8%AF%20%D9%85%D8%AC%D8%A7%D9%86%D9%8B%D8%A7%D8%8C%20%D8%AC%D8%B1%D8%A8%D9%88%D9%87%20%D8%A8%D9%86%D9%81%D8%B3%D9%83%D9%85%20%D8%AF%D9%84%D9%88%D9%82%D8%AA%D9%8A%3A%20https%3A//t.me/Madmona_bot%0A%D9%83%D9%84%D9%85%D9%88%D9%86%D8%A7%20%D9%84%D9%88%20%D8%AD%D8%A7%D8%A8%D9%8A%D9%86%20%D8%AA%D8%AA%D8%B3%D8%AC%D9%84%D9%88%D8%A7%20%F0%9F%99%8F,قاعدة بيانات مضمونة (cold_leads - status new)
عقارات (خارج مصر الجديدة - رسالة عامة),شقة للبيع - القاهرة,القاهرة,+201113234180,https://wa.me/201113234180?text=%D9%85%D8%B1%D8%AD%D8%A8%D9%8B%D8%A7%20%F0%9F%91%8B%20%D9%85%D8%B9%D8%A7%D9%83%D9%85%20%D9%81%D8%B1%D9%8A%D9%82%20%D9%85%D8%B6%D9%85%D9%88%D9%86%D8%A9%20%28madmonacairo.com%29%20%E2%80%94%20%D9%85%D9%86%D8%B5%D8%A9%20%D8%B9%D9%82%D8%A7%D8%B1%D8%A7%D8%AA%20%D9%88%D9%85%D8%B7%D8%A7%D8%B9%D9%85%20%D9%88%D8%AE%D8%AF%D9%85%D8%A7%D8%AA%D8%8C%20%D9%85%D9%82%D8%B1%D9%87%D8%A7%20%D9%85%D8%B5%D8%B1%20%D8%A7%D9%84%D8%AC%D8%AF%D9%8A%D8%AF%D8%A9%D8%8C%20%D8%A7%D9%84%D9%82%D8%A7%D9%87%D8%B1%D8%A9.%0A%D8%B9%D9%86%D8%AF%D9%86%D8%A7%20%22%D8%A7%D9%84%D9%85%D8%A7%D8%B1%D8%AF%22%20%F0%9F%A7%9E%E2%80%8D%E2%99%82%EF%B8%8F%20%D9%85%D8%B3%D8%A7%D8%B9%D8%AF%20%D8%B0%D9%83%D8%A7%D8%A1%20%D8%A7%D8%B5%D8%B7%D9%86%D8%A7%D8%B9%D9%8A%D8%8C%20%D8%A3%D9%8A%20%D8%AD%D8%AF%20%D9%8A%D8%B3%D8%A3%D9%84%D9%87%20%D8%B9%D9%86%20%D8%B9%D9%82%D8%A7%D8%B1%20%D9%8A%D8%B3%D8%AA%D8%A3%D8%AC%D8%B1%D9%87/%D9%8A%D8%B4%D8%AA%D8%B1%D9%8A%D9%87%20%D8%A3%D9%88%20%D9%85%D8%B7%D8%B9%D9%85%20%D9%8A%D9%82%D8%B9%D8%AF%20%D9%81%D9%8A%D9%87%D8%8C%20%D8%A8%D9%8A%D8%B1%D8%B4%D8%AD%D9%84%D9%87%20%D8%A7%D9%84%D9%85%D8%AD%D9%84%D8%A7%D8%AA%20%D9%88%D8%A7%D9%84%D8%B9%D9%82%D8%A7%D8%B1%D8%A7%D8%AA%20%D8%A7%D9%84%D9%85%D8%B3%D8%AC%D9%84%D8%A9%20%D8%B9%D9%86%D8%AF%D9%86%D8%A7%20%D9%81%D9%88%D8%B1%D9%8B%D8%A7.%0A%D9%84%D9%88%20%D8%AD%D8%A7%D8%A8%D9%8A%D9%86%20%D8%B9%D9%82%D8%A7%D8%B1%D9%83%20%D9%8A%D8%A8%D9%82%D9%89%20%D9%85%D9%86%20%D8%B6%D9%85%D9%86%20%D8%AA%D8%B1%D8%B4%D9%8A%D8%AD%D8%A7%D8%AA%20%D8%A7%D9%84%D9%85%D8%A7%D8%B1%D8%AF%20%D9%85%D8%AC%D8%A7%D9%86%D9%8B%D8%A7%D8%8C%20%D8%AC%D8%B1%D8%A8%D9%88%D9%87%20%D8%A8%D9%86%D9%81%D8%B3%D9%83%D9%85%20%D8%AF%D9%84%D9%88%D9%82%D8%AA%D9%8A%3A%20https%3A//t.me/Madmona_bot%0A%D9%83%D9%84%D9%85%D9%88%D9%86%D8%A7%20%D9%84%D9%88%20%D8%AD%D8%A7%D8%A8%D9%8A%D9%86%20%D8%AA%D8%AA%D8%B3%D8%AC%D9%84%D9%88%D8%A7%20%F0%9F%99%8F,قاعدة بيانات مضمونة (cold_leads - status new)
عقارات (خارج مصر الجديدة - رسالة عامة),شقة للبيع - القاهرة,القاهرة,+201062136663,https://wa.me/201062136663?text=%D9%85%D8%B1%D8%AD%D8%A8%D9%8B%D8%A7%20%F0%9F%91%8B%20%D9%85%D8%B9%D8%A7%D9%83%D9%85%20%D9%81%D8%B1%D9%8A%D9%82%20%D9%85%D8%B6%D9%85%D9%88%D9%86%D8%A9%20%28madmonacairo.com%29%20%E2%80%94%20%D9%85%D9%86%D8%B5%D8%A9%20%D8%B9%D9%82%D8%A7%D8%B1%D8%A7%D8%AA%20%D9%88%D9%85%D8%B7%D8%A7%D8%B9%D9%85%20%D9%88%D8%AE%D8%AF%D9%85%D8%A7%D8%AA%D8%8C%20%D9%85%D9%82%D8%B1%D9%87%D8%A7%20%D9%85%D8%B5%D8%B1%20%D8%A7%D9%84%D8%AC%D8%AF%D9%8A%D8%AF%D8%A9%D8%8C%20%D8%A7%D9%84%D9%82%D8%A7%D9%87%D8%B1%D8%A9.%0A%D8%B9%D9%86%D8%AF%D9%86%D8%A7%20%22%D8%A7%D9%84%D9%85%D8%A7%D8%B1%D8%AF%22%20%F0%9F%A7%9E%E2%80%8D%E2%99%82%EF%B8%8F%20%D9%85%D8%B3%D8%A7%D8%B9%D8%AF%20%D8%B0%D9%83%D8%A7%D8%A1%20%D8%A7%D8%B5%D8%B7%D9%86%D8%A7%D8%B9%D9%8A%D8%8C%20%D8%A3%D9%8A%20%D8%AD%D8%AF%20%D9%8A%D8%B3%D8%A3%D9%84%D9%87%20%D8%B9%D9%86%20%D8%B9%D9%82%D8%A7%D8%B1%20%D9%8A%D8%B3%D8%AA%D8%A3%D8%AC%D8%B1%D9%87/%D9%8A%D8%B4%D8%AA%D8%B1%D9%8A%D9%87%20%D8%A3%D9%88%20%D9%85%D8%B7%D8%B9%D9%85%20%D9%8A%D9%82%D8%B9%D8%AF%20%D9%81%D9%8A%D9%87%D8%8C%20%D8%A8%D9%8A%D8%B1%D8%B4%D8%AD%D9%84%D9%87%20%D8%A7%D9%84%D9%85%D8%AD%D9%84%D8%A7%D8%AA%20%D9%88%D8%A7%D9%84%D8%B9%D9%82%D8%A7%D8%B1%D8%A7%D8%AA%20%D8%A7%D9%84%D9%85%D8%B3%D8%AC%D9%84%D8%A9%20%D8%B9%D9%86%D8%AF%D9%86%D8%A7%20%D9%81%D9%88%D8%B1%D9%8B%D8%A7.%0A%D9%84%D9%88%20%D8%AD%D8%A7%D8%A8%D9%8A%D9%86%20%D8%B9%D9%82%D8%A7%D8%B1%D9%83%20%D9%8A%D8%A8%D9%82%D9%89%20%D9%85%D9%86%20%D8%B6%D9%85%D9%86%20%D8%AA%D8%B1%D8%B4%D9%8A%D8%AD%D8%A7%D8%AA%20%D8%A7%D9%84%D9%85%D8%A7%D8%B1%D8%AF%20%D9%85%D8%AC%D8%A7%D9%86%D9%8B%D8%A7%D8%8C%20%D8%AC%D8%B1%D8%A8%D9%88%D9%87%20%D8%A8%D9%86%D9%81%D8%B3%D9%83%D9%85%20%D8%AF%D9%84%D9%88%D9%82%D8%AA%D9%8A%3A%20https%3A//t.me/Madmona_bot%0A%D9%83%D9%84%D9%85%D9%88%D9%86%D8%A7%20%D9%84%D9%88%20%D8%AD%D8%A7%D8%A8%D9%8A%D9%86%20%D8%AA%D8%AA%D8%B3%D8%AC%D9%84%D9%88%D8%A7%20%F0%9F%99%8F,قاعدة بيانات مضمونة (cold_leads - status new)
عقارات (خارج مصر الجديدة - رسالة عامة),شقة للبيع - القاهرة,القاهرة,+201028269024,https://wa.me/201028269024?text=%D9%85%D8%B1%D8%AD%D8%A8%D9%8B%D8%A7%20%F0%9F%91%8B%20%D9%85%D8%B9%D8%A7%D9%83%D9%85%20%D9%81%D8%B1%D9%8A%D9%82%20%D9%85%D8%B6%D9%85%D9%88%D9%86%D8%A9%20%28madmonacairo.com%29%20%E2%80%94%20%D9%85%D9%86%D8%B5%D8%A9%20%D8%B9%D9%82%D8%A7%D8%B1%D8%A7%D8%AA%20%D9%88%D9%85%D8%B7%D8%A7%D8%B9%D9%85%20%D9%88%D8%AE%D8%AF%D9%85%D8%A7%D8%AA%D8%8C%20%D9%85%D9%82%D8%B1%D9%87%D8%A7%20%D9%85%D8%B5%D8%B1%20%D8%A7%D9%84%D8%AC%D8%AF%D9%8A%D8%AF%D8%A9%D8%8C%20%D8%A7%D9%84%D9%82%D8%A7%D9%87%D8%B1%D8%A9.%0A%D8%B9%D9%86%D8%AF%D9%86%D8%A7%20%22%D8%A7%D9%84%D9%85%D8%A7%D8%B1%D8%AF%22%20%F0%9F%A7%9E%E2%80%8D%E2%99%82%EF%B8%8F%20%D9%85%D8%B3%D8%A7%D8%B9%D8%AF%20%D8%B0%D9%83%D8%A7%D8%A1%20%D8%A7%D8%B5%D8%B7%D9%86%D8%A7%D8%B9%D9%8A%D8%8C%20%D8%A3%D9%8A%20%D8%AD%D8%AF%20%D9%8A%D8%B3%D8%A3%D9%84%D9%87%20%D8%B9%D9%86%20%D8%B9%D9%82%D8%A7%D8%B1%20%D9%8A%D8%B3%D8%AA%D8%A3%D8%AC%D8%B1%D9%87/%D9%8A%D8%B4%D8%AA%D8%B1%D9%8A%D9%87%20%D8%A3%D9%88%20%D9%85%D8%B7%D8%B9%D9%85%20%D9%8A%D9%82%D8%B9%D8%AF%20%D9%81%D9%8A%D9%87%D8%8C%20%D8%A8%D9%8A%D8%B1%D8%B4%D8%AD%D9%84%D9%87%20%D8%A7%D9%84%D9%85%D8%AD%D9%84%D8%A7%D8%AA%20%D9%88%D8%A7%D9%84%D8%B9%D9%82%D8%A7%D8%B1%D8%A7%D8%AA%20%D8%A7%D9%84%D9%85%D8%B3%D8%AC%D9%84%D8%A9%20%D8%B9%D9%86%D8%AF%D9%86%D8%A7%20%D9%81%D9%88%D8%B1%D9%8B%D8%A7.%0A%D9%84%D9%88%20%D8%AD%D8%A7%D8%A8%D9%8A%D9%86%20%D8%B9%D9%82%D8%A7%D8%B1%D9%83%20%D9%8A%D8%A8%D9%82%D9%89%20%D9%85%D9%86%20%D8%B6%D9%85%D9%86%20%D8%AA%D8%B1%D8%B4%D9%8A%D8%AD%D8%A7%D8%AA%20%D8%A7%D9%84%D9%85%D8%A7%D8%B1%D8%AF%20%D9%85%D8%AC%D8%A7%D9%86%D9%8B%D8%A7%D8%8C%20%D8%AC%D8%B1%D8%A8%D9%88%D9%87%20%D8%A8%D9%86%D9%81%D8%B3%D9%83%D9%85%20%D8%AF%D9%84%D9%88%D9%82%D8%AA%D9%8A%3A%20https%3A//t.me/Madmona_bot%0A%D9%83%D9%84%D9%85%D9%88%D9%86%D8%A7%20%D9%84%D9%88%20%D8%AD%D8%A7%D8%A8%D9%8A%D9%86%20%D8%AA%D8%AA%D8%B3%D8%AC%D9%84%D9%88%D8%A7%20%F0%9F%99%8F,قاعدة بيانات مضمونة (cold_leads - status new)
عقارات (خارج مصر الجديدة - رسالة عامة),شقة للبيع - القاهرة,القاهرة,+201121222403,https://wa.me/201121222403?text=%D9%85%D8%B1%D8%AD%D8%A8%D9%8B%D8%A7%20%F0%9F%91%8B%20%D9%85%D8%B9%D8%A7%D9%83%D9%85%20%D9%81%D8%B1%D9%8A%D9%82%20%D9%85%D8%B6%D9%85%D9%88%D9%86%D8%A9%20%28madmonacairo.com%29%20%E2%80%94%20%D9%85%D9%86%D8%B5%D8%A9%20%D8%B9%D9%82%D8%A7%D8%B1%D8%A7%D8%AA%20%D9%88%D9%85%D8%B7%D8%A7%D8%B9%D9%85%20%D9%88%D8%AE%D8%AF%D9%85%D8%A7%D8%AA%D8%8C%20%D9%85%D9%82%D8%B1%D9%87%D8%A7%20%D9%85%D8%B5%D8%B1%20%D8%A7%D9%84%D8%AC%D8%AF%D9%8A%D8%AF%D8%A9%D8%8C%20%D8%A7%D9%84%D9%82%D8%A7%D9%87%D8%B1%D8%A9.%0A%D8%B9%D9%86%D8%AF%D9%86%D8%A7%20%22%D8%A7%D9%84%D9%85%D8%A7%D8%B1%D8%AF%22%20%F0%9F%A7%9E%E2%80%8D%E2%99%82%EF%B8%8F%20%D9%85%D8%B3%D8%A7%D8%B9%D8%AF%20%D8%B0%D9%83%D8%A7%D8%A1%20%D8%A7%D8%B5%D8%B7%D9%86%D8%A7%D8%B9%D9%8A%D8%8C%20%D8%A3%D9%8A%20%D8%AD%D8%AF%20%D9%8A%D8%B3%D8%A3%D9%84%D9%87%20%D8%B9%D9%86%20%D8%B9%D9%82%D8%A7%D8%B1%20%D9%8A%D8%B3%D8%AA%D8%A3%D8%AC%D8%B1%D9%87/%D9%8A%D8%B4%D8%AA%D8%B1%D9%8A%D9%87%20%D8%A3%D9%88%20%D9%85%D8%B7%D8%B9%D9%85%20%D9%8A%D9%82%D8%B9%D8%AF%20%D9%81%D9%8A%D9%87%D8%8C%20%D8%A8%D9%8A%D8%B1%D8%B4%D8%AD%D9%84%D9%87%20%D8%A7%D9%84%D9%85%D8%AD%D9%84%D8%A7%D8%AA%20%D9%88%D8%A7%D9%84%D8%B9%D9%82%D8%A7%D8%B1%D8%A7%D8%AA%20%D8%A7%D9%84%D9%85%D8%B3%D8%AC%D9%84%D8%A9%20%D8%B9%D9%86%D8%AF%D9%86%D8%A7%20%D9%81%D9%88%D8%B1%D9%8B%D8%A7.%0A%D9%84%D9%88%20%D8%AD%D8%A7%D8%A8%D9%8A%D9%86%20%D8%B9%D9%82%D8%A7%D8%B1%D9%83%20%D9%8A%D8%A8%D9%82%D9%89%20%D9%85%D9%86%20%D8%B6%D9%85%D9%86%20%D8%AA%D8%B1%D8%B4%D9%8A%D8%AD%D8%A7%D8%AA%20%D8%A7%D9%84%D9%85%D8%A7%D8%B1%D8%AF%20%D9%85%D8%AC%D8%A7%D9%86%D9%8B%D8%A7%D8%8C%20%D8%AC%D8%B1%D8%A8%D9%88%D9%87%20%D8%A8%D9%86%D9%81%D8%B3%D9%83%D9%85%20%D8%AF%D9%84%D9%88%D9%82%D8%AA%D9%8A%3A%20https%3A//t.me/Madmona_bot%0A%D9%83%D9%84%D9%85%D9%88%D9%86%D8%A7%20%D9%84%D9%88%20%D8%AD%D8%A7%D8%A8%D9%8A%D9%86%20%D8%AA%D8%AA%D8%B3%D8%AC%D9%84%D9%88%D8%A7%20%F0%9F%99%8F,قاعدة بيانات مضمونة (cold_leads - status new)
عقارات (خارج مصر الجديدة - رسالة عامة),شقة للبيع - القاهرة,القاهرة,+201096963555,https://wa.me/201096963555?text=%D9%85%D8%B1%D8%AD%D8%A8%D9%8B%D8%A7%20%F0%9F%91%8B%20%D9%85%D8%B9%D8%A7%D9%83%D9%85%20%D9%81%D8%B1%D9%8A%D9%82%20%D9%85%D8%B6%D9%85%D9%88%D9%86%D8%A9%20%28madmonacairo.com%29%20%E2%80%94%20%D9%85%D9%86%D8%B5%D8%A9%20%D8%B9%D9%82%D8%A7%D8%B1%D8%A7%D8%AA%20%D9%88%D9%85%D8%B7%D8%A7%D8%B9%D9%85%20%D9%88%D8%AE%D8%AF%D9%85%D8%A7%D8%AA%D8%8C%20%D9%85%D9%82%D8%B1%D9%87%D8%A7%20%D9%85%D8%B5%D8%B1%20%D8%A7%D9%84%D8%AC%D8%AF%D9%8A%D8%AF%D8%A9%D8%8C%20%D8%A7%D9%84%D9%82%D8%A7%D9%87%D8%B1%D8%A9.%0A%D8%B9%D9%86%D8%AF%D9%86%D8%A7%20%22%D8%A7%D9%84%D9%85%D8%A7%D8%B1%D8%AF%22%20%F0%9F%A7%9E%E2%80%8D%E2%99%82%EF%B8%8F%20%D9%85%D8%B3%D8%A7%D8%B9%D8%AF%20%D8%B0%D9%83%D8%A7%D8%A1%20%D8%A7%D8%B5%D8%B7%D9%86%D8%A7%D8%B9%D9%8A%D8%8C%20%D8%A3%D9%8A%20%D8%AD%D8%AF%20%D9%8A%D8%B3%D8%A3%D9%84%D9%87%20%D8%B9%D9%86%20%D8%B9%D9%82%D8%A7%D8%B1%20%D9%8A%D8%B3%D8%AA%D8%A3%D8%AC%D8%B1%D9%87/%D9%8A%D8%B4%D8%AA%D8%B1%D9%8A%D9%87%20%D8%A3%D9%88%20%D9%85%D8%B7%D8%B9%D9%85%20%D9%8A%D9%82%D8%B9%D8%AF%20%D9%81%D9%8A%D9%87%D8%8C%20%D8%A8%D9%8A%D8%B1%D8%B4%D8%AD%D9%84%D9%87%20%D8%A7%D9%84%D9%85%D8%AD%D9%84%D8%A7%D8%AA%20%D9%88%D8%A7%D9%84%D8%B9%D9%82%D8%A7%D8%B1%D8%A7%D8%AA%20%D8%A7%D9%84%D9%85%D8%B3%D8%AC%D9%84%D8%A9%20%D8%B9%D9%86%D8%AF%D9%86%D8%A7%20%D9%81%D9%88%D8%B1%D9%8B%D8%A7.%0A%D9%84%D9%88%20%D8%AD%D8%A7%D8%A8%D9%8A%D9%86%20%D8%B9%D9%82%D8%A7%D8%B1%D9%83%20%D9%8A%D8%A8%D9%82%D9%89%20%D9%85%D9%86%20%D8%B6%D9%85%D9%86%20%D8%AA%D8%B1%D8%B4%D9%8A%D8%AD%D8%A7%D8%AA%20%D8%A7%D9%84%D9%85%D8%A7%D8%B1%D8%AF%20%D9%85%D8%AC%D8%A7%D9%86%D9%8B%D8%A7%D8%8C%20%D8%AC%D8%B1%D8%A8%D9%88%D9%87%20%D8%A8%D9%86%D9%81%D8%B3%D9%83%D9%85%20%D8%AF%D9%84%D9%88%D9%82%D8%AA%D9%8A%3A%20https%3A//t.me/Madmona_bot%0A%D9%83%D9%84%D9%85%D9%88%D9%86%D8%A7%20%D9%84%D9%88%20%D8%AD%D8%A7%D8%A8%D9%8A%D9%86%20%D8%AA%D8%AA%D8%B3%D8%AC%D9%84%D9%88%D8%A7%20%F0%9F%99%8F,قاعدة بيانات مضمونة (cold_leads - status new)
عقارات (خارج مصر الجديدة - رسالة عامة),شقة للبيع - القاهرة,القاهرة,+201017391666,https://wa.me/201017391666?text=%D9%85%D8%B1%D8%AD%D8%A8%D9%8B%D8%A7%20%F0%9F%91%8B%20%D9%85%D8%B9%D8%A7%D9%83%D9%85%20%D9%81%D8%B1%D9%8A%D9%82%20%D9%85%D8%B6%D9%85%D9%88%D9%86%D8%A9%20%28madmonacairo.com%29%20%E2%80%94%20%D9%85%D9%86%D8%B5%D8%A9%20%D8%B9%D9%82%D8%A7%D8%B1%D8%A7%D8%AA%20%D9%88%D9%85%D8%B7%D8%A7%D8%B9%D9%85%20%D9%88%D8%AE%D8%AF%D9%85%D8%A7%D8%AA%D8%8C%20%D9%85%D9%82%D8%B1%D9%87%D8%A7%20%D9%85%D8%B5%D8%B1%20%D8%A7%D9%84%D8%AC%D8%AF%D9%8A%D8%AF%D8%A9%D8%8C%20%D8%A7%D9%84%D9%82%D8%A7%D9%87%D8%B1%D8%A9.%0A%D8%B9%D9%86%D8%AF%D9%86%D8%A7%20%22%D8%A7%D9%84%D9%85%D8%A7%D8%B1%D8%AF%22%20%F0%9F%A7%9E%E2%80%8D%E2%99%82%EF%B8%8F%20%D9%85%D8%B3%D8%A7%D8%B9%D8%AF%20%D8%B0%D9%83%D8%A7%D8%A1%20%D8%A7%D8%B5%D8%B7%D9%86%D8%A7%D8%B9%D9%8A%D8%8C%20%D8%A3%D9%8A%20%D8%AD%D8%AF%20%D9%8A%D8%B3%D8%A3%D9%84%D9%87%20%D8%B9%D9%86%20%D8%B9%D9%82%D8%A7%D8%B1%20%D9%8A%D8%B3%D8%AA%D8%A3%D8%AC%D8%B1%D9%87/%D9%8A%D8%B4%D8%AA%D8%B1%D9%8A%D9%87%20%D8%A3%D9%88%20%D9%85%D8%B7%D8%B9%D9%85%20%D9%8A%D9%82%D8%B9%D8%AF%20%D9%81%D9%8A%D9%87%D8%8C%20%D8%A8%D9%8A%D8%B1%D8%B4%D8%AD%D9%84%D9%87%20%D8%A7%D9%84%D9%85%D8%AD%D9%84%D8%A7%D8%AA%20%D9%88%D8%A7%D9%84%D8%B9%D9%82%D8%A7%D8%B1%D8%A7%D8%AA%20%D8%A7%D9%84%D9%85%D8%B3%D8%AC%D9%84%D8%A9%20%D8%B9%D9%86%D8%AF%D9%86%D8%A7%20%D9%81%D9%88%D8%B1%D9%8B%D8%A7.%0A%D9%84%D9%88%20%D8%AD%D8%A7%D8%A8%D9%8A%D9%86%20%D8%B9%D9%82%D8%A7%D8%B1%D9%83%20%D9%8A%D8%A8%D9%82%D9%89%20%D9%85%D9%86%20%D8%B6%D9%85%D9%86%20%D8%AA%D8%B1%D8%B4%D9%8A%D8%AD%D8%A7%D8%AA%20%D8%A7%D9%84%D9%85%D8%A7%D8%B1%D8%AF%20%D9%85%D8%AC%D8%A7%D9%86%D9%8B%D8%A7%D8%8C%20%D8%AC%D8%B1%D8%A8%D9%88%D9%87%20%D8%A8%D9%86%D9%81%D8%B3%D9%83%D9%85%20%D8%AF%D9%84%D9%88%D9%82%D8%AA%D9%8A%3A%20https%3A//t.me/Madmona_bot%0A%D9%83%D9%84%D9%85%D9%88%D9%86%D8%A7%20%D9%84%D9%88%20%D8%AD%D8%A7%D8%A8%D9%8A%D9%86%20%D8%AA%D8%AA%D8%B3%D8%AC%D9%84%D9%88%D8%A7%20%F0%9F%99%8F,قاعدة بيانات مضمونة (cold_leads - status new)
عقارات (خارج مصر الجديدة - رسالة عامة),شقة للبيع - القاهرة,القاهرة,+201007062312,https://wa.me/201007062312?text=%D9%85%D8%B1%D8%AD%D8%A8%D9%8B%D8%A7%20%F0%9F%91%8B%20%D9%85%D8%B9%D8%A7%D9%83%D9%85%20%D9%81%D8%B1%D9%8A%D9%82%20%D9%85%D8%B6%D9%85%D9%88%D9%86%D8%A9%20%28madmonacairo.com%29%20%E2%80%94%20%D9%85%D9%86%D8%B5%D8%A9%20%D8%B9%D9%82%D8%A7%D8%B1%D8%A7%D8%AA%20%D9%88%D9%85%D8%B7%D8%A7%D8%B9%D9%85%20%D9%88%D8%AE%D8%AF%D9%85%D8%A7%D8%AA%D8%8C%20%D9%85%D9%82%D8%B1%D9%87%D8%A7%20%D9%85%D8%B5%D8%B1%20%D8%A7%D9%84%D8%AC%D8%AF%D9%8A%D8%AF%D8%A9%D8%8C%20%D8%A7%D9%84%D9%82%D8%A7%D9%87%D8%B1%D8%A9.%0A%D8%B9%D9%86%D8%AF%D9%86%D8%A7%20%22%D8%A7%D9%84%D9%85%D8%A7%D8%B1%D8%AF%22%20%F0%9F%A7%9E%E2%80%8D%E2%99%82%EF%B8%8F%20%D9%85%D8%B3%D8%A7%D8%B9%D8%AF%20%D8%B0%D9%83%D8%A7%D8%A1%20%D8%A7%D8%B5%D8%B7%D9%86%D8%A7%D8%B9%D9%8A%D8%8C%20%D8%A3%D9%8A%20%D8%AD%D8%AF%20%D9%8A%D8%B3%D8%A3%D9%84%D9%87%20%D8%B9%D9%86%20%D8%B9%D9%82%D8%A7%D8%B1%20%D9%8A%D8%B3%D8%AA%D8%A3%D8%AC%D8%B1%D9%87/%D9%8A%D8%B4%D8%AA%D8%B1%D9%8A%D9%87%20%D8%A3%D9%88%20%D9%85%D8%B7%D8%B9%D9%85%20%D9%8A%D9%82%D8%B9%D8%AF%20%D9%81%D9%8A%D9%87%D8%8C%20%D8%A8%D9%8A%D8%B1%D8%B4%D8%AD%D9%84%D9%87%20%D8%A7%D9%84%D9%85%D8%AD%D9%84%D8%A7%D8%AA%20%D9%88%D8%A7%D9%84%D8%B9%D9%82%D8%A7%D8%B1%D8%A7%D8%AA%20%D8%A7%D9%84%D9%85%D8%B3%D8%AC%D9%84%D8%A9%20%D8%B9%D9%86%D8%AF%D9%86%D8%A7%20%D9%81%D9%88%D8%B1%D9%8B%D8%A7.%0A%D9%84%D9%88%20%D8%AD%D8%A7%D8%A8%D9%8A%D9%86%20%D8%B9%D9%82%D8%A7%D8%B1%D9%83%20%D9%8A%D8%A8%D9%82%D9%89%20%D9%85%D9%86%20%D8%B6%D9%85%D9%86%20%D8%AA%D8%B1%D8%B4%D9%8A%D8%AD%D8%A7%D8%AA%20%D8%A7%D9%84%D9%85%D8%A7%D8%B1%D8%AF%20%D9%85%D8%AC%D8%A7%D9%86%D9%8B%D8%A7%D8%8C%20%D8%AC%D8%B1%D8%A8%D9%88%D9%87%20%D8%A8%D9%86%D9%81%D8%B3%D9%83%D9%85%20%D8%AF%D9%84%D9%88%D9%82%D8%AA%D9%8A%3A%20https%3A//t.me/Madmona_bot%0A%D9%83%D9%84%D9%85%D9%88%D9%86%D8%A7%20%D9%84%D9%88%20%D8%AD%D8%A7%D8%A8%D9%8A%D9%86%20%D8%AA%D8%AA%D8%B3%D8%AC%D9%84%D9%88%D8%A7%20%F0%9F%99%8F,قاعدة بيانات مضمونة (cold_leads - status new)
عقارات (خارج مصر الجديدة - رسالة عامة),شقة للبيع - القاهرة,القاهرة,+201007883737,https://wa.me/201007883737?text=%D9%85%D8%B1%D8%AD%D8%A8%D9%8B%D8%A7%20%F0%9F%91%8B%20%D9%85%D8%B9%D8%A7%D9%83%D9%85%20%D9%81%D8%B1%D9%8A%D9%82%20%D9%85%D8%B6%D9%85%D9%88%D9%86%D8%A9%20%28madmonacairo.com%29%20%E2%80%94%20%D9%85%D9%86%D8%B5%D8%A9%20%D8%B9%D9%82%D8%A7%D8%B1%D8%A7%D8%AA%20%D9%88%D9%85%D8%B7%D8%A7%D8%B9%D9%85%20%D9%88%D8%AE%D8%AF%D9%85%D8%A7%D8%AA%D8%8C%20%D9%85%D9%82%D8%B1%D9%87%D8%A7%20%D9%85%D8%B5%D8%B1%20%D8%A7%D9%84%D8%AC%D8%AF%D9%8A%D8%AF%D8%A9%D8%8C%20%D8%A7%D9%84%D9%82%D8%A7%D9%87%D8%B1%D8%A9.%0A%D8%B9%D9%86%D8%AF%D9%86%D8%A7%20%22%D8%A7%D9%84%D9%85%D8%A7%D8%B1%D8%AF%22%20%F0%9F%A7%9E%E2%80%8D%E2%99%82%EF%B8%8F%20%D9%85%D8%B3%D8%A7%D8%B9%D8%AF%20%D8%B0%D9%83%D8%A7%D8%A1%20%D8%A7%D8%B5%D8%B7%D9%86%D8%A7%D8%B9%D9%8A%D8%8C%20%D8%A3%D9%8A%20%D8%AD%D8%AF%20%D9%8A%D8%B3%D8%A3%D9%84%D9%87%20%D8%B9%D9%86%20%D8%B9%D9%82%D8%A7%D8%B1%20%D9%8A%D8%B3%D8%AA%D8%A3%D8%AC%D8%B1%D9%87/%D9%8A%D8%B4%D8%AA%D8%B1%D9%8A%D9%87%20%D8%A3%D9%88%20%D9%85%D8%B7%D8%B9%D9%85%20%D9%8A%D9%82%D8%B9%D8%AF%20%D9%81%D9%8A%D9%87%D8%8C%20%D8%A8%D9%8A%D8%B1%D8%B4%D8%AD%D9%84%D9%87%20%D8%A7%D9%84%D9%85%D8%AD%D9%84%D8%A7%D8%AA%20%D9%88%D8%A7%D9%84%D8%B9%D9%82%D8%A7%D8%B1%D8%A7%D8%AA%20%D8%A7%D9%84%D9%85%D8%B3%D8%AC%D9%84%D8%A9%20%D8%B9%D9%86%D8%AF%D9%86%D8%A7%20%D9%81%D9%88%D8%B1%D9%8B%D8%A7.%0A%D9%84%D9%88%20%D8%AD%D8%A7%D8%A8%D9%8A%D9%86%20%D8%B9%D9%82%D8%A7%D8%B1%D9%83%20%D9%8A%D8%A8%D9%82%D9%89%20%D9%85%D9%86%20%D8%B6%D9%85%D9%86%20%D8%AA%D8%B1%D8%B4%D9%8A%D8%AD%D8%A7%D8%AA%20%D8%A7%D9%84%D9%85%D8%A7%D8%B1%D8%AF%20%D9%85%D8%AC%D8%A7%D9%86%D9%8B%D8%A7%D8%8C%20%D8%AC%D8%B1%D8%A8%D9%88%D9%87%20%D8%A8%D9%86%D9%81%D8%B3%D9%83%D9%85%20%D8%AF%D9%84%D9%88%D9%82%D8%AA%D9%8A%3A%20https%3A//t.me/Madmona_bot%0A%D9%83%D9%84%D9%85%D9%88%D9%86%D8%A7%20%D9%84%D9%88%20%D8%AD%D8%A7%D8%A8%D9%8A%D9%86%20%D8%AA%D8%AA%D8%B3%D8%AC%D9%84%D9%88%D8%A7%20%F0%9F%99%8F,قاعدة بيانات مضمونة (cold_leads - status new)
عقارات (خارج مصر الجديدة - رسالة عامة),شقة للبيع - القاهرة,القاهرة,+201005112411,https://wa.me/201005112411?text=%D9%85%D8%B1%D8%AD%D8%A8%D9%8B%D8%A7%20%F0%9F%91%8B%20%D9%85%D8%B9%D8%A7%D9%83%D9%85%20%D9%81%D8%B1%D9%8A%D9%82%20%D9%85%D8%B6%D9%85%D9%88%D9%86%D8%A9%20%28madmonacairo.com%29%20%E2%80%94%20%D9%85%D9%86%D8%B5%D8%A9%20%D8%B9%D9%82%D8%A7%D8%B1%D8%A7%D8%AA%20%D9%88%D9%85%D8%B7%D8%A7%D8%B9%D9%85%20%D9%88%D8%AE%D8%AF%D9%85%D8%A7%D8%AA%D8%8C%20%D9%85%D9%82%D8%B1%D9%87%D8%A7%20%D9%85%D8%B5%D8%B1%20%D8%A7%D9%84%D8%AC%D8%AF%D9%8A%D8%AF%D8%A9%D8%8C%20%D8%A7%D9%84%D9%82%D8%A7%D9%87%D8%B1%D8%A9.%0A%D8%B9%D9%86%D8%AF%D9%86%D8%A7%20%22%D8%A7%D9%84%D9%85%D8%A7%D8%B1%D8%AF%22%20%F0%9F%A7%9E%E2%80%8D%E2%99%82%EF%B8%8F%20%D9%85%D8%B3%D8%A7%D8%B9%D8%AF%20%D8%B0%D9%83%D8%A7%D8%A1%20%D8%A7%D8%B5%D8%B7%D9%86%D8%A7%D8%B9%D9%8A%D8%8C%20%D8%A3%D9%8A%20%D8%AD%D8%AF%20%D9%8A%D8%B3%D8%A3%D9%84%D9%87%20%D8%B9%D9%86%20%D8%B9%D9%82%D8%A7%D8%B1%20%D9%8A%D8%B3%D8%AA%D8%A3%D8%AC%D8%B1%D9%87/%D9%8A%D8%B4%D8%AA%D8%B1%D9%8A%D9%87%20%D8%A3%D9%88%20%D9%85%D8%B7%D8%B9%D9%85%20%D9%8A%D9%82%D8%B9%D8%AF%20%D9%81%D9%8A%D9%87%D8%8C%20%D8%A8%D9%8A%D8%B1%D8%B4%D8%AD%D9%84%D9%87%20%D8%A7%D9%84%D9%85%D8%AD%D9%84%D8%A7%D8%AA%20%D9%88%D8%A7%D9%84%D8%B9%D9%82%D8%A7%D8%B1%D8%A7%D8%AA%20%D8%A7%D9%84%D9%85%D8%B3%D8%AC%D9%84%D8%A9%20%D8%B9%D9%86%D8%AF%D9%86%D8%A7%20%D9%81%D9%88%D8%B1%D9%8B%D8%A7.%0A%D9%84%D9%88%20%D8%AD%D8%A7%D8%A8%D9%8A%D9%86%20%D8%B9%D9%82%D8%A7%D8%B1%D9%83%20%D9%8A%D8%A8%D9%82%D9%89%20%D9%85%D9%86%20%D8%B6%D9%85%D9%86%20%D8%AA%D8%B1%D8%B4%D9%8A%D8%AD%D8%A7%D8%AA%20%D8%A7%D9%84%D9%85%D8%A7%D8%B1%D8%AF%20%D9%85%D8%AC%D8%A7%D9%86%D9%8B%D8%A7%D8%8C%20%D8%AC%D8%B1%D8%A8%D9%88%D9%87%20%D8%A8%D9%86%D9%81%D8%B3%D9%83%D9%85%20%D8%AF%D9%84%D9%88%D9%82%D8%AA%D9%8A%3A%20https%3A//t.me/Madmona_bot%0A%D9%83%D9%84%D9%85%D9%88%D9%86%D8%A7%20%D9%84%D9%88%20%D8%AD%D8%A7%D8%A8%D9%8A%D9%86%20%D8%AA%D8%AA%D8%B3%D8%AC%D9%84%D9%88%D8%A7%20%F0%9F%99%8F,قاعدة بيانات مضمونة (cold_leads - status new)
عقارات (خارج مصر الجديدة - رسالة عامة),شقة للبيع - القاهرة,القاهرة,+201080702138,https://wa.me/201080702138?text=%D9%85%D8%B1%D8%AD%D8%A8%D9%8B%D8%A7%20%F0%9F%91%8B%20%D9%85%D8%B9%D8%A7%D9%83%D9%85%20%D9%81%D8%B1%D9%8A%D9%82%20%D9%85%D8%B6%D9%85%D9%88%D9%86%D8%A9%20%28madmonacairo.com%29%20%E2%80%94%20%D9%85%D9%86%D8%B5%D8%A9%20%D8%B9%D9%82%D8%A7%D8%B1%D8%A7%D8%AA%20%D9%88%D9%85%D8%B7%D8%A7%D8%B9%D9%85%20%D9%88%D8%AE%D8%AF%D9%85%D8%A7%D8%AA%D8%8C%20%D9%85%D9%82%D8%B1%D9%87%D8%A7%20%D9%85%D8%B5%D8%B1%20%D8%A7%D9%84%D8%AC%D8%AF%D9%8A%D8%AF%D8%A9%D8%8C%20%D8%A7%D9%84%D9%82%D8%A7%D9%87%D8%B1%D8%A9.%0A%D8%B9%D9%86%D8%AF%D9%86%D8%A7%20%22%D8%A7%D9%84%D9%85%D8%A7%D8%B1%D8%AF%22%20%F0%9F%A7%9E%E2%80%8D%E2%99%82%EF%B8%8F%20%D9%85%D8%B3%D8%A7%D8%B9%D8%AF%20%D8%B0%D9%83%D8%A7%D8%A1%20%D8%A7%D8%B5%D8%B7%D9%86%D8%A7%D8%B9%D9%8A%D8%8C%20%D8%A3%D9%8A%20%D8%AD%D8%AF%20%D9%8A%D8%B3%D8%A3%D9%84%D9%87%20%D8%B9%D9%86%20%D8%B9%D9%82%D8%A7%D8%B1%20%D9%8A%D8%B3%D8%AA%D8%A3%D8%AC%D8%B1%D9%87/%D9%8A%D8%B4%D8%AA%D8%B1%D9%8A%D9%87%20%D8%A3%D9%88%20%D9%85%D8%B7%D8%B9%D9%85%20%D9%8A%D9%82%D8%B9%D8%AF%20%D9%81%D9%8A%D9%87%D8%8C%20%D8%A8%D9%8A%D8%B1%D8%B4%D8%AD%D9%84%D9%87%20%D8%A7%D9%84%D9%85%D8%AD%D9%84%D8%A7%D8%AA%20%D9%88%D8%A7%D9%84%D8%B9%D9%82%D8%A7%D8%B1%D8%A7%D8%AA%20%D8%A7%D9%84%D9%85%D8%B3%D8%AC%D9%84%D8%A9%20%D8%B9%D9%86%D8%AF%D9%86%D8%A7%20%D9%81%D9%88%D8%B1%D9%8B%D8%A7.%0A%D9%84%D9%88%20%D8%AD%D8%A7%D8%A8%D9%8A%D9%86%20%D8%B9%D9%82%D8%A7%D8%B1%D9%83%20%D9%8A%D8%A8%D9%82%D9%89%20%D9%85%D9%86%20%D8%B6%D9%85%D9%86%20%D8%AA%D8%B1%D8%B4%D9%8A%D8%AD%D8%A7%D8%AA%20%D8%A7%D9%84%D9%85%D8%A7%D8%B1%D8%AF%20%D9%85%D8%AC%D8%A7%D9%86%D9%8B%D8%A7%D8%8C%20%D8%AC%D8%B1%D8%A8%D9%88%D9%87%20%D8%A8%D9%86%D9%81%D8%B3%D9%83%D9%85%20%D8%AF%D9%84%D9%88%D9%82%D8%AA%D9%8A%3A%20https%3A//t.me/Madmona_bot%0A%D9%83%D9%84%D9%85%D9%88%D9%86%D8%A7%20%D9%84%D9%88%20%D8%AD%D8%A7%D8%A8%D9%8A%D9%86%20%D8%AA%D8%AA%D8%B3%D8%AC%D9%84%D9%88%D8%A7%20%F0%9F%99%8F,قاعدة بيانات مضمونة (cold_leads - status new)
عقارات (خارج مصر الجديدة - رسالة عامة),شقة للبيع - القاهرة الجديدة,القاهرة الجديدة,+201011499734,https://wa.me/201011499734?text=%D9%85%D8%B1%D8%AD%D8%A8%D9%8B%D8%A7%20%F0%9F%91%8B%20%D9%85%D8%B9%D8%A7%D9%83%D9%85%20%D9%81%D8%B1%D9%8A%D9%82%20%D9%85%D8%B6%D9%85%D9%88%D9%86%D8%A9%20%28madmonacairo.com%29%20%E2%80%94%20%D9%85%D9%86%D8%B5%D8%A9%20%D8%B9%D9%82%D8%A7%D8%B1%D8%A7%D8%AA%20%D9%88%D9%85%D8%B7%D8%A7%D8%B9%D9%85%20%D9%88%D8%AE%D8%AF%D9%85%D8%A7%D8%AA%D8%8C%20%D9%85%D9%82%D8%B1%D9%87%D8%A7%20%D9%85%D8%B5%D8%B1%20%D8%A7%D9%84%D8%AC%D8%AF%D9%8A%D8%AF%D8%A9%D8%8C%20%D8%A7%D9%84%D9%82%D8%A7%D9%87%D8%B1%D8%A9.%0A%D8%B9%D9%86%D8%AF%D9%86%D8%A7%20%22%D8%A7%D9%84%D9%85%D8%A7%D8%B1%D8%AF%22%20%F0%9F%A7%9E%E2%80%8D%E2%99%82%EF%B8%8F%20%D9%85%D8%B3%D8%A7%D8%B9%D8%AF%20%D8%B0%D9%83%D8%A7%D8%A1%20%D8%A7%D8%B5%D8%B7%D9%86%D8%A7%D8%B9%D9%8A%D8%8C%20%D8%A3%D9%8A%20%D8%AD%D8%AF%20%D9%8A%D8%B3%D8%A3%D9%84%D9%87%20%D8%B9%D9%86%20%D8%B9%D9%82%D8%A7%D8%B1%20%D9%8A%D8%B3%D8%AA%D8%A3%D8%AC%D8%B1%D9%87/%D9%8A%D8%B4%D8%AA%D8%B1%D9%8A%D9%87%20%D8%A3%D9%88%20%D9%85%D8%B7%D8%B9%D9%85%20%D9%8A%D9%82%D8%B9%D8%AF%20%D9%81%D9%8A%D9%87%D8%8C%20%D8%A8%D9%8A%D8%B1%D8%B4%D8%AD%D9%84%D9%87%20%D8%A7%D9%84%D9%85%D8%AD%D9%84%D8%A7%D8%AA%20%D9%88%D8%A7%D9%84%D8%B9%D9%82%D8%A7%D8%B1%D8%A7%D8%AA%20%D8%A7%D9%84%D9%85%D8%B3%D8%AC%D9%84%D8%A9%20%D8%B9%D9%86%D8%AF%D9%86%D8%A7%20%D9%81%D9%88%D8%B1%D9%8B%D8%A7.%0A%D9%84%D9%88%20%D8%AD%D8%A7%D8%A8%D9%8A%D9%86%20%D8%B9%D9%82%D8%A7%D8%B1%D9%83%20%D9%8A%D8%A8%D9%82%D9%89%20%D9%85%D9%86%20%D8%B6%D9%85%D9%86%20%D8%AA%D8%B1%D8%B4%D9%8A%D8%AD%D8%A7%D8%AA%20%D8%A7%D9%84%D9%85%D8%A7%D8%B1%D8%AF%20%D9%85%D8%AC%D8%A7%D9%86%D9%8B%D8%A7%D8%8C%20%D8%AC%D8%B1%D8%A8%D9%88%D9%87%20%D8%A8%D9%86%D9%81%D8%B3%D9%83%D9%85%20%D8%AF%D9%84%D9%88%D9%82%D8%AA%D9%8A%3A%20https%3A//t.me/Madmona_bot%0A%D9%83%D9%84%D9%85%D9%88%D9%86%D8%A7%20%D9%84%D9%88%20%D8%AD%D8%A7%D8%A8%D9%8A%D9%86%20%D8%AA%D8%AA%D8%B3%D8%AC%D9%84%D9%88%D8%A7%20%F0%9F%99%8F,قاعدة بيانات مضمونة (cold_leads - status new)
عقارات (خارج مصر الجديدة - رسالة عامة),شقة للبيع - مدينتي,مدينتي,+201200022652,https://wa.me/201200022652?text=%D9%85%D8%B1%D8%AD%D8%A8%D9%8B%D8%A7%20%F0%9F%91%8B%20%D9%85%D8%B9%D8%A7%D9%83%D9%85%20%D9%81%D8%B1%D9%8A%D9%82%20%D9%85%D8%B6%D9%85%D9%88%D9%86%D8%A9%20%28madmonacairo.com%29%20%E2%80%94%20%D9%85%D9%86%D8%B5%D8%A9%20%D8%B9%D9%82%D8%A7%D8%B1%D8%A7%D8%AA%20%D9%88%D9%85%D8%B7%D8%A7%D8%B9%D9%85%20%D9%88%D8%AE%D8%AF%D9%85%D8%A7%D8%AA%D8%8C%20%D9%85%D9%82%D8%B1%D9%87%D8%A7%20%D9%85%D8%B5%D8%B1%20%D8%A7%D9%84%D8%AC%D8%AF%D9%8A%D8%AF%D8%A9%D8%8C%20%D8%A7%D9%84%D9%82%D8%A7%D9%87%D8%B1%D8%A9.%0A%D8%B9%D9%86%D8%AF%D9%86%D8%A7%20%22%D8%A7%D9%84%D9%85%D8%A7%D8%B1%D8%AF%22%20%F0%9F%A7%9E%E2%80%8D%E2%99%82%EF%B8%8F%20%D9%85%D8%B3%D8%A7%D8%B9%D8%AF%20%D8%B0%D9%83%D8%A7%D8%A1%20%D8%A7%D8%B5%D8%B7%D9%86%D8%A7%D8%B9%D9%8A%D8%8C%20%D8%A3%D9%8A%20%D8%AD%D8%AF%20%D9%8A%D8%B3%D8%A3%D9%84%D9%87%20%D8%B9%D9%86%20%D8%B9%D9%82%D8%A7%D8%B1%20%D9%8A%D8%B3%D8%AA%D8%A3%D8%AC%D8%B1%D9%87/%D9%8A%D8%B4%D8%AA%D8%B1%D9%8A%D9%87%20%D8%A3%D9%88%20%D9%85%D8%B7%D8%B9%D9%85%20%D9%8A%D9%82%D8%B9%D8%AF%20%D9%81%D9%8A%D9%87%D8%8C%20%D8%A8%D9%8A%D8%B1%D8%B4%D8%AD%D9%84%D9%87%20%D8%A7%D9%84%D9%85%D8%AD%D9%84%D8%A7%D8%AA%20%D9%88%D8%A7%D9%84%D8%B9%D9%82%D8%A7%D8%B1%D8%A7%D8%AA%20%D8%A7%D9%84%D9%85%D8%B3%D8%AC%D9%84%D8%A9%20%D8%B9%D9%86%D8%AF%D9%86%D8%A7%20%D9%81%D9%88%D8%B1%D9%8B%D8%A7.%0A%D9%84%D9%88%20%D8%AD%D8%A7%D8%A8%D9%8A%D9%86%20%D8%B9%D9%82%D8%A7%D8%B1%D9%83%20%D9%8A%D8%A8%D9%82%D9%89%20%D9%85%D9%86%20%D8%B6%D9%85%D9%86%20%D8%AA%D8%B1%D8%B4%D9%8A%D8%AD%D8%A7%D8%AA%20%D8%A7%D9%84%D9%85%D8%A7%D8%B1%D8%AF%20%D9%85%D8%AC%D8%A7%D9%86%D9%8B%D8%A7%D8%8C%20%D8%AC%D8%B1%D8%A8%D9%88%D9%87%20%D8%A8%D9%86%D9%81%D8%B3%D9%83%D9%85%20%D8%AF%D9%84%D9%88%D9%82%D8%AA%D9%8A%3A%20https%3A//t.me/Madmona_bot%0A%D9%83%D9%84%D9%85%D9%88%D9%86%D8%A7%20%D9%84%D9%88%20%D8%AD%D8%A7%D8%A8%D9%8A%D9%86%20%D8%AA%D8%AA%D8%B3%D8%AC%D9%84%D9%88%D8%A7%20%F0%9F%99%8F,قاعدة بيانات مضمونة (cold_leads - status new)
عقارات (خارج مصر الجديدة - رسالة عامة),شاليه للبيع - التجمع,التجمع,+201030335228,https://wa.me/201030335228?text=%D9%85%D8%B1%D8%AD%D8%A8%D9%8B%D8%A7%20%F0%9F%91%8B%20%D9%85%D8%B9%D8%A7%D9%83%D9%85%20%D9%81%D8%B1%D9%8A%D9%82%20%D9%85%D8%B6%D9%85%D9%88%D9%86%D8%A9%20%28madmonacairo.com%29%20%E2%80%94%20%D9%85%D9%86%D8%B5%D8%A9%20%D8%B9%D9%82%D8%A7%D8%B1%D8%A7%D8%AA%20%D9%88%D9%85%D8%B7%D8%A7%D8%B9%D9%85%20%D9%88%D8%AE%D8%AF%D9%85%D8%A7%D8%AA%D8%8C%20%D9%85%D9%82%D8%B1%D9%87%D8%A7%20%D9%85%D8%B5%D8%B1%20%D8%A7%D9%84%D8%AC%D8%AF%D9%8A%D8%AF%D8%A9%D8%8C%20%D8%A7%D9%84%D9%82%D8%A7%D9%87%D8%B1%D8%A9.%0A%D8%B9%D9%86%D8%AF%D9%86%D8%A7%20%22%D8%A7%D9%84%D9%85%D8%A7%D8%B1%D8%AF%22%20%F0%9F%A7%9E%E2%80%8D%E2%99%82%EF%B8%8F%20%D9%85%D8%B3%D8%A7%D8%B9%D8%AF%20%D8%B0%D9%83%D8%A7%D8%A1%20%D8%A7%D8%B5%D8%B7%D9%86%D8%A7%D8%B9%D9%8A%D8%8C%20%D8%A3%D9%8A%20%D8%AD%D8%AF%20%D9%8A%D8%B3%D8%A3%D9%84%D9%87%20%D8%B9%D9%86%20%D8%B9%D9%82%D8%A7%D8%B1%20%D9%8A%D8%B3%D8%AA%D8%A3%D8%AC%D8%B1%D9%87/%D9%8A%D8%B4%D8%AA%D8%B1%D9%8A%D9%87%20%D8%A3%D9%88%20%D9%85%D8%B7%D8%B9%D9%85%20%D9%8A%D9%82%D8%B9%D8%AF%20%D9%81%D9%8A%D9%87%D8%8C%20%D8%A8%D9%8A%D8%B1%D8%B4%D8%AD%D9%84%D9%87%20%D8%A7%D9%84%D9%85%D8%AD%D9%84%D8%A7%D8%AA%20%D9%88%D8%A7%D9%84%D8%B9%D9%82%D8%A7%D8%B1%D8%A7%D8%AA%20%D8%A7%D9%84%D9%85%D8%B3%D8%AC%D9%84%D8%A9%20%D8%B9%D9%86%D8%AF%D9%86%D8%A7%20%D9%81%D9%88%D8%B1%D9%8B%D8%A7.%0A%D9%84%D9%88%20%D8%AD%D8%A7%D8%A8%D9%8A%D9%86%20%D8%B9%D9%82%D8%A7%D8%B1%D9%83%20%D9%8A%D8%A8%D9%82%D9%89%20%D9%85%D9%86%20%D8%B6%D9%85%D9%86%20%D8%AA%D8%B1%D8%B4%D9%8A%D8%AD%D8%A7%D8%AA%20%D8%A7%D9%84%D9%85%D8%A7%D8%B1%D8%AF%20%D9%85%D8%AC%D8%A7%D9%86%D9%8B%D8%A7%D8%8C%20%D8%AC%D8%B1%D8%A8%D9%88%D9%87%20%D8%A8%D9%86%D9%81%D8%B3%D9%83%D9%85%20%D8%AF%D9%84%D9%88%D9%82%D8%AA%D9%8A%3A%20https%3A//t.me/Madmona_bot%0A%D9%83%D9%84%D9%85%D9%88%D9%86%D8%A7%20%D9%84%D9%88%20%D8%AD%D8%A7%D8%A8%D9%8A%D9%86%20%D8%AA%D8%AA%D8%B3%D8%AC%D9%84%D9%88%D8%A7%20%F0%9F%99%8F,قاعدة بيانات مضمونة (cold_leads - status new)
عقارات (خارج مصر الجديدة - رسالة عامة),شاليه للبيع - العين السخنة,العين السخنة,+201026359676,https://wa.me/201026359676?text=%D9%85%D8%B1%D8%AD%D8%A8%D9%8B%D8%A7%20%F0%9F%91%8B%20%D9%85%D8%B9%D8%A7%D9%83%D9%85%20%D9%81%D8%B1%D9%8A%D9%82%20%D9%85%D8%B6%D9%85%D9%88%D9%86%D8%A9%20%28madmonacairo.com%29%20%E2%80%94%20%D9%85%D9%86%D8%B5%D8%A9%20%D8%B9%D9%82%D8%A7%D8%B1%D8%A7%D8%AA%20%D9%88%D9%85%D8%B7%D8%A7%D8%B9%D9%85%20%D9%88%D8%AE%D8%AF%D9%85%D8%A7%D8%AA%D8%8C%20%D9%85%D9%82%D8%B1%D9%87%D8%A7%20%D9%85%D8%B5%D8%B1%20%D8%A7%D9%84%D8%AC%D8%AF%D9%8A%D8%AF%D8%A9%D8%8C%20%D8%A7%D9%84%D9%82%D8%A7%D9%87%D8%B1%D8%A9.%0A%D8%B9%D9%86%D8%AF%D9%86%D8%A7%20%22%D8%A7%D9%84%D9%85%D8%A7%D8%B1%D8%AF%22%20%F0%9F%A7%9E%E2%80%8D%E2%99%82%EF%B8%8F%20%D9%85%D8%B3%D8%A7%D8%B9%D8%AF%20%D8%B0%D9%83%D8%A7%D8%A1%20%D8%A7%D8%B5%D8%B7%D9%86%D8%A7%D8%B9%D9%8A%D8%8C%20%D8%A3%D9%8A%20%D8%AD%D8%AF%20%D9%8A%D8%B3%D8%A3%D9%84%D9%87%20%D8%B9%D9%86%20%D8%B9%D9%82%D8%A7%D8%B1%20%D9%8A%D8%B3%D8%AA%D8%A3%D8%AC%D8%B1%D9%87/%D9%8A%D8%B4%D8%AA%D8%B1%D9%8A%D9%87%20%D8%A3%D9%88%20%D9%85%D8%B7%D8%B9%D9%85%20%D9%8A%D9%82%D8%B9%D8%AF%20%D9%81%D9%8A%D9%87%D8%8C%20%D8%A8%D9%8A%D8%B1%D8%B4%D8%AD%D9%84%D9%87%20%D8%A7%D9%84%D9%85%D8%AD%D9%84%D8%A7%D8%AA%20%D9%88%D8%A7%D9%84%D8%B9%D9%82%D8%A7%D8%B1%D8%A7%D8%AA%20%D8%A7%D9%84%D9%85%D8%B3%D8%AC%D9%84%D8%A9%20%D8%B9%D9%86%D8%AF%D9%86%D8%A7%20%D9%81%D9%88%D8%B1%D9%8B%D8%A7.%0A%D9%84%D9%88%20%D8%AD%D8%A7%D8%A8%D9%8A%D9%86%20%D8%B9%D9%82%D8%A7%D8%B1%D9%83%20%D9%8A%D8%A8%D9%82%D9%89%20%D9%85%D9%86%20%D8%B6%D9%85%D9%86%20%D8%AA%D8%B1%D8%B4%D9%8A%D8%AD%D8%A7%D8%AA%20%D8%A7%D9%84%D9%85%D8%A7%D8%B1%D8%AF%20%D9%85%D8%AC%D8%A7%D9%86%D9%8B%D8%A7%D8%8C%20%D8%AC%D8%B1%D8%A8%D9%88%D9%87%20%D8%A8%D9%86%D9%81%D8%B3%D9%83%D9%85%20%D8%AF%D9%84%D9%88%D9%82%D8%AA%D9%8A%3A%20https%3A//t.me/Madmona_bot%0A%D9%83%D9%84%D9%85%D9%88%D9%86%D8%A7%20%D9%84%D9%88%20%D8%AD%D8%A7%D8%A8%D9%8A%D9%86%20%D8%AA%D8%AA%D8%B3%D8%AC%D9%84%D9%88%D8%A7%20%F0%9F%99%8F,قاعدة بيانات مضمونة (cold_leads - status new)
عقارات (خارج مصر الجديدة - رسالة عامة),شاليه للبيع - العين السخنة,العين السخنة,+201098761980,https://wa.me/201098761980?text=%D9%85%D8%B1%D8%AD%D8%A8%D9%8B%D8%A7%20%F0%9F%91%8B%20%D9%85%D8%B9%D8%A7%D9%83%D9%85%20%D9%81%D8%B1%D9%8A%D9%82%20%D9%85%D8%B6%D9%85%D9%88%D9%86%D8%A9%20%28madmonacairo.com%29%20%E2%80%94%20%D9%85%D9%86%D8%B5%D8%A9%20%D8%B9%D9%82%D8%A7%D8%B1%D8%A7%D8%AA%20%D9%88%D9%85%D8%B7%D8%A7%D8%B9%D9%85%20%D9%88%D8%AE%D8%AF%D9%85%D8%A7%D8%AA%D8%8C%20%D9%85%D9%82%D8%B1%D9%87%D8%A7%20%D9%85%D8%B5%D8%B1%20%D8%A7%D9%84%D8%AC%D8%AF%D9%8A%D8%AF%D8%A9%D8%8C%20%D8%A7%D9%84%D9%82%D8%A7%D9%87%D8%B1%D8%A9.%0A%D8%B9%D9%86%D8%AF%D9%86%D8%A7%20%22%D8%A7%D9%84%D9%85%D8%A7%D8%B1%D8%AF%22%20%F0%9F%A7%9E%E2%80%8D%E2%99%82%EF%B8%8F%20%D9%85%D8%B3%D8%A7%D8%B9%D8%AF%20%D8%B0%D9%83%D8%A7%D8%A1%20%D8%A7%D8%B5%D8%B7%D9%86%D8%A7%D8%B9%D9%8A%D8%8C%20%D8%A3%D9%8A%20%D8%AD%D8%AF%20%D9%8A%D8%B3%D8%A3%D9%84%D9%87%20%D8%B9%D9%86%20%D8%B9%D9%82%D8%A7%D8%B1%20%D9%8A%D8%B3%D8%AA%D8%A3%D8%AC%D8%B1%D9%87/%D9%8A%D8%B4%D8%AA%D8%B1%D9%8A%D9%87%20%D8%A3%D9%88%20%D9%85%D8%B7%D8%B9%D9%85%20%D9%8A%D9%82%D8%B9%D8%AF%20%D9%81%D9%8A%D9%87%D8%8C%20%D8%A8%D9%8A%D8%B1%D8%B4%D8%AD%D9%84%D9%87%20%D8%A7%D9%84%D9%85%D8%AD%D9%84%D8%A7%D8%AA%20%D9%88%D8%A7%D9%84%D8%B9%D9%82%D8%A7%D8%B1%D8%A7%D8%AA%20%D8%A7%D9%84%D9%85%D8%B3%D8%AC%D9%84%D8%A9%20%D8%B9%D9%86%D8%AF%D9%86%D8%A7%20%D9%81%D9%88%D8%B1%D9%8B%D8%A7.%0A%D9%84%D9%88%20%D8%AD%D8%A7%D8%A8%D9%8A%D9%86%20%D8%B9%D9%82%D8%A7%D8%B1%D9%83%20%D9%8A%D8%A8%D9%82%D9%89%20%D9%85%D9%86%20%D8%B6%D9%85%D9%86%20%D8%AA%D8%B1%D8%B4%D9%8A%D8%AD%D8%A7%D8%AA%20%D8%A7%D9%84%D9%85%D8%A7%D8%B1%D8%AF%20%D9%85%D8%AC%D8%A7%D9%86%D9%8B%D8%A7%D8%8C%20%D8%AC%D8%B1%D8%A8%D9%88%D9%87%20%D8%A8%D9%86%D9%81%D8%B3%D9%83%D9%85%20%D8%AF%D9%84%D9%88%D9%82%D8%AA%D9%8A%3A%20https%3A//t.me/Madmona_bot%0A%D9%83%D9%84%D9%85%D9%88%D9%86%D8%A7%20%D9%84%D9%88%20%D8%AD%D8%A7%D8%A8%D9%8A%D9%86%20%D8%AA%D8%AA%D8%B3%D8%AC%D9%84%D9%88%D8%A7%20%F0%9F%99%8F,قاعدة بيانات مضمونة (cold_leads - status new)
عقارات (خارج مصر الجديدة - رسالة عامة),شاليه للبيع - العين السخنة,العين السخنة,+201021552890,https://wa.me/201021552890?text=%D9%85%D8%B1%D8%AD%D8%A8%D9%8B%D8%A7%20%F0%9F%91%8B%20%D9%85%D8%B9%D8%A7%D9%83%D9%85%20%D9%81%D8%B1%D9%8A%D9%82%20%D9%85%D8%B6%D9%85%D9%88%D9%86%D8%A9%20%28madmonacairo.com%29%20%E2%80%94%20%D9%85%D9%86%D8%B5%D8%A9%20%D8%B9%D9%82%D8%A7%D8%B1%D8%A7%D8%AA%20%D9%88%D9%85%D8%B7%D8%A7%D8%B9%D9%85%20%D9%88%D8%AE%D8%AF%D9%85%D8%A7%D8%AA%D8%8C%20%D9%85%D9%82%D8%B1%D9%87%D8%A7%20%D9%85%D8%B5%D8%B1%20%D8%A7%D9%84%D8%AC%D8%AF%D9%8A%D8%AF%D8%A9%D8%8C%20%D8%A7%D9%84%D9%82%D8%A7%D9%87%D8%B1%D8%A9.%0A%D8%B9%D9%86%D8%AF%D9%86%D8%A7%20%22%D8%A7%D9%84%D9%85%D8%A7%D8%B1%D8%AF%22%20%F0%9F%A7%9E%E2%80%8D%E2%99%82%EF%B8%8F%20%D9%85%D8%B3%D8%A7%D8%B9%D8%AF%20%D8%B0%D9%83%D8%A7%D8%A1%20%D8%A7%D8%B5%D8%B7%D9%86%D8%A7%D8%B9%D9%8A%D8%8C%20%D8%A3%D9%8A%20%D8%AD%D8%AF%20%D9%8A%D8%B3%D8%A3%D9%84%D9%87%20%D8%B9%D9%86%20%D8%B9%D9%82%D8%A7%D8%B1%20%D9%8A%D8%B3%D8%AA%D8%A3%D8%AC%D8%B1%D9%87/%D9%8A%D8%B4%D8%AA%D8%B1%D9%8A%D9%87%20%D8%A3%D9%88%20%D9%85%D8%B7%D8%B9%D9%85%20%D9%8A%D9%82%D8%B9%D8%AF%20%D9%81%D9%8A%D9%87%D8%8C%20%D8%A8%D9%8A%D8%B1%D8%B4%D8%AD%D9%84%D9%87%20%D8%A7%D9%84%D9%85%D8%AD%D9%84%D8%A7%D8%AA%20%D9%88%D8%A7%D9%84%D8%B9%D9%82%D8%A7%D8%B1%D8%A7%D8%AA%20%D8%A7%D9%84%D9%85%D8%B3%D8%AC%D9%84%D8%A9%20%D8%B9%D9%86%D8%AF%D9%86%D8%A7%20%D9%81%D9%88%D8%B1%D9%8B%D8%A7.%0A%D9%84%D9%88%20%D8%AD%D8%A7%D8%A8%D9%8A%D9%86%20%D8%B9%D9%82%D8%A7%D8%B1%D9%83%20%D9%8A%D8%A8%D9%82%D9%89%20%D9%85%D9%86%20%D8%B6%D9%85%D9%86%20%D8%AA%D8%B1%D8%B4%D9%8A%D8%AD%D8%A7%D8%AA%20%D8%A7%D9%84%D9%85%D8%A7%D8%B1%D8%AF%20%D9%85%D8%AC%D8%A7%D9%86%D9%8B%D8%A7%D8%8C%20%D8%AC%D8%B1%D8%A8%D9%88%D9%87%20%D8%A8%D9%86%D9%81%D8%B3%D9%83%D9%85%20%D8%AF%D9%84%D9%88%D9%82%D8%AA%D9%8A%3A%20https%3A//t.me/Madmona_bot%0A%D9%83%D9%84%D9%85%D9%88%D9%86%D8%A7%20%D9%84%D9%88%20%D8%AD%D8%A7%D8%A8%D9%8A%D9%86%20%D8%AA%D8%AA%D8%B3%D8%AC%D9%84%D9%88%D8%A7%20%F0%9F%99%8F,قاعدة بيانات مضمونة (cold_leads - status new)
عقارات (خارج مصر الجديدة - رسالة عامة),شاليه للبيع - العين السخنة,العين السخنة,+201123859079,https://wa.me/201123859079?text=%D9%85%D8%B1%D8%AD%D8%A8%D9%8B%D8%A7%20%F0%9F%91%8B%20%D9%85%D8%B9%D8%A7%D9%83%D9%85%20%D9%81%D8%B1%D9%8A%D9%82%20%D9%85%D8%B6%D9%85%D9%88%D9%86%D8%A9%20%28madmonacairo.com%29%20%E2%80%94%20%D9%85%D9%86%D8%B5%D8%A9%20%D8%B9%D9%82%D8%A7%D8%B1%D8%A7%D8%AA%20%D9%88%D9%85%D8%B7%D8%A7%D8%B9%D9%85%20%D9%88%D8%AE%D8%AF%D9%85%D8%A7%D8%AA%D8%8C%20%D9%85%D9%82%D8%B1%D9%87%D8%A7%20%D9%85%D8%B5%D8%B1%20%D8%A7%D9%84%D8%AC%D8%AF%D9%8A%D8%AF%D8%A9%D8%8C%20%D8%A7%D9%84%D9%82%D8%A7%D9%87%D8%B1%D8%A9.%0A%D8%B9%D9%86%D8%AF%D9%86%D8%A7%20%22%D8%A7%D9%84%D9%85%D8%A7%D8%B1%D8%AF%22%20%F0%9F%A7%9E%E2%80%8D%E2%99%82%EF%B8%8F%20%D9%85%D8%B3%D8%A7%D8%B9%D8%AF%20%D8%B0%D9%83%D8%A7%D8%A1%20%D8%A7%D8%B5%D8%B7%D9%86%D8%A7%D8%B9%D9%8A%D8%8C%20%D8%A3%D9%8A%20%D8%AD%D8%AF%20%D9%8A%D8%B3%D8%A3%D9%84%D9%87%20%D8%B9%D9%86%20%D8%B9%D9%82%D8%A7%D8%B1%20%D9%8A%D8%B3%D8%AA%D8%A3%D8%AC%D8%B1%D9%87/%D9%8A%D8%B4%D8%AA%D8%B1%D9%8A%D9%87%20%D8%A3%D9%88%20%D9%85%D8%B7%D8%B9%D9%85%20%D9%8A%D9%82%D8%B9%D8%AF%20%D9%81%D9%8A%D9%87%D8%8C%20%D8%A8%D9%8A%D8%B1%D8%B4%D8%AD%D9%84%D9%87%20%D8%A7%D9%84%D9%85%D8%AD%D9%84%D8%A7%D8%AA%20%D9%88%D8%A7%D9%84%D8%B9%D9%82%D8%A7%D8%B1%D8%A7%D8%AA%20%D8%A7%D9%84%D9%85%D8%B3%D8%AC%D9%84%D8%A9%20%D8%B9%D9%86%D8%AF%D9%86%D8%A7%20%D9%81%D9%88%D8%B1%D9%8B%D8%A7.%0A%D9%84%D9%88%20%D8%AD%D8%A7%D8%A8%D9%8A%D9%86%20%D8%B9%D9%82%D8%A7%D8%B1%D9%83%20%D9%8A%D8%A8%D9%82%D9%89%20%D9%85%D9%86%20%D8%B6%D9%85%D9%86%20%D8%AA%D8%B1%D8%B4%D9%8A%D8%AD%D8%A7%D8%AA%20%D8%A7%D9%84%D9%85%D8%A7%D8%B1%D8%AF%20%D9%85%D8%AC%D8%A7%D9%86%D9%8B%D8%A7%D8%8C%20%D8%AC%D8%B1%D8%A8%D9%88%D9%87%20%D8%A8%D9%86%D9%81%D8%B3%D9%83%D9%85%20%D8%AF%D9%84%D9%88%D9%82%D8%AA%D9%8A%3A%20https%3A//t.me/Madmona_bot%0A%D9%83%D9%84%D9%85%D9%88%D9%86%D8%A7%20%D9%84%D9%88%20%D8%AD%D8%A7%D8%A8%D9%8A%D9%86%20%D8%AA%D8%AA%D8%B3%D8%AC%D9%84%D9%88%D8%A7%20%F0%9F%99%8F,قاعدة بيانات مضمونة (cold_leads - status new)
عقارات (خارج مصر الجديدة - رسالة عامة),شاليه للبيع - العين السخنة,العين السخنة,+201273103369,https://wa.me/201273103369?text=%D9%85%D8%B1%D8%AD%D8%A8%D9%8B%D8%A7%20%F0%9F%91%8B%20%D9%85%D8%B9%D8%A7%D9%83%D9%85%20%D9%81%D8%B1%D9%8A%D9%82%20%D9%85%D8%B6%D9%85%D9%88%D9%86%D8%A9%20%28madmonacairo.com%29%20%E2%80%94%20%D9%85%D9%86%D8%B5%D8%A9%20%D8%B9%D9%82%D8%A7%D8%B1%D8%A7%D8%AA%20%D9%88%D9%85%D8%B7%D8%A7%D8%B9%D9%85%20%D9%88%D8%AE%D8%AF%D9%85%D8%A7%D8%AA%D8%8C%20%D9%85%D9%82%D8%B1%D9%87%D8%A7%20%D9%85%D8%B5%D8%B1%20%D8%A7%D9%84%D8%AC%D8%AF%D9%8A%D8%AF%D8%A9%D8%8C%20%D8%A7%D9%84%D9%82%D8%A7%D9%87%D8%B1%D8%A9.%0A%D8%B9%D9%86%D8%AF%D9%86%D8%A7%20%22%D8%A7%D9%84%D9%85%D8%A7%D8%B1%D8%AF%22%20%F0%9F%A7%9E%E2%80%8D%E2%99%82%EF%B8%8F%20%D9%85%D8%B3%D8%A7%D8%B9%D8%AF%20%D8%B0%D9%83%D8%A7%D8%A1%20%D8%A7%D8%B5%D8%B7%D9%86%D8%A7%D8%B9%D9%8A%D8%8C%20%D8%A3%D9%8A%20%D8%AD%D8%AF%20%D9%8A%D8%B3%D8%A3%D9%84%D9%87%20%D8%B9%D9%86%20%D8%B9%D9%82%D8%A7%D8%B1%20%D9%8A%D8%B3%D8%AA%D8%A3%D8%AC%D8%B1%D9%87/%D9%8A%D8%B4%D8%AA%D8%B1%D9%8A%D9%87%20%D8%A3%D9%88%20%D9%85%D8%B7%D8%B9%D9%85%20%D9%8A%D9%82%D8%B9%D8%AF%20%D9%81%D9%8A%D9%87%D8%8C%20%D8%A8%D9%8A%D8%B1%D8%B4%D8%AD%D9%84%D9%87%20%D8%A7%D9%84%D9%85%D8%AD%D9%84%D8%A7%D8%AA%20%D9%88%D8%A7%D9%84%D8%B9%D9%82%D8%A7%D8%B1%D8%A7%D8%AA%20%D8%A7%D9%84%D9%85%D8%B3%D8%AC%D9%84%D8%A9%20%D8%B9%D9%86%D8%AF%D9%86%D8%A7%20%D9%81%D9%88%D8%B1%D9%8B%D8%A7.%0A%D9%84%D9%88%20%D8%AD%D8%A7%D8%A8%D9%8A%D9%86%20%D8%B9%D9%82%D8%A7%D8%B1%D9%83%20%D9%8A%D8%A8%D9%82%D9%89%20%D9%85%D9%86%20%D8%B6%D9%85%D9%86%20%D8%AA%D8%B1%D8%B4%D9%8A%D8%AD%D8%A7%D8%AA%20%D8%A7%D9%84%D9%85%D8%A7%D8%B1%D8%AF%20%D9%85%D8%AC%D8%A7%D9%86%D9%8B%D8%A7%D8%8C%20%D8%AC%D8%B1%D8%A8%D9%88%D9%87%20%D8%A8%D9%86%D9%81%D8%B3%D9%83%D9%85%20%D8%AF%D9%84%D9%88%D9%82%D8%AA%D9%8A%3A%20https%3A//t.me/Madmona_bot%0A%D9%83%D9%84%D9%85%D9%88%D9%86%D8%A7%20%D9%84%D9%88%20%D8%AD%D8%A7%D8%A8%D9%8A%D9%86%20%D8%AA%D8%AA%D8%B3%D8%AC%D9%84%D9%88%D8%A7%20%F0%9F%99%8F,قاعدة بيانات مضمونة (cold_leads - status new)
عقارات (خارج مصر الجديدة - رسالة عامة),شاليه للبيع - العين السخنة,العين السخنة,+201227000507,https://wa.me/201227000507?text=%D9%85%D8%B1%D8%AD%D8%A8%D9%8B%D8%A7%20%F0%9F%91%8B%20%D9%85%D8%B9%D8%A7%D9%83%D9%85%20%D9%81%D8%B1%D9%8A%D9%82%20%D9%85%D8%B6%D9%85%D9%88%D9%86%D8%A9%20%28madmonacairo.com%29%20%E2%80%94%20%D9%85%D9%86%D8%B5%D8%A9%20%D8%B9%D9%82%D8%A7%D8%B1%D8%A7%D8%AA%20%D9%88%D9%85%D8%B7%D8%A7%D8%B9%D9%85%20%D9%88%D8%AE%D8%AF%D9%85%D8%A7%D8%AA%D8%8C%20%D9%85%D9%82%D8%B1%D9%87%D8%A7%20%D9%85%D8%B5%D8%B1%20%D8%A7%D9%84%D8%AC%D8%AF%D9%8A%D8%AF%D8%A9%D8%8C%20%D8%A7%D9%84%D9%82%D8%A7%D9%87%D8%B1%D8%A9.%0A%D8%B9%D9%86%D8%AF%D9%86%D8%A7%20%22%D8%A7%D9%84%D9%85%D8%A7%D8%B1%D8%AF%22%20%F0%9F%A7%9E%E2%80%8D%E2%99%82%EF%B8%8F%20%D9%85%D8%B3%D8%A7%D8%B9%D8%AF%20%D8%B0%D9%83%D8%A7%D8%A1%20%D8%A7%D8%B5%D8%B7%D9%86%D8%A7%D8%B9%D9%8A%D8%8C%20%D8%A3%D9%8A%20%D8%AD%D8%AF%20%D9%8A%D8%B3%D8%A3%D9%84%D9%87%20%D8%B9%D9%86%20%D8%B9%D9%82%D8%A7%D8%B1%20%D9%8A%D8%B3%D8%AA%D8%A3%D8%AC%D8%B1%D9%87/%D9%8A%D8%B4%D8%AA%D8%B1%D9%8A%D9%87%20%D8%A3%D9%88%20%D9%85%D8%B7%D8%B9%D9%85%20%D9%8A%D9%82%D8%B9%D8%AF%20%D9%81%D9%8A%D9%87%D8%8C%20%D8%A8%D9%8A%D8%B1%D8%B4%D8%AD%D9%84%D9%87%20%D8%A7%D9%84%D9%85%D8%AD%D9%84%D8%A7%D8%AA%20%D9%88%D8%A7%D9%84%D8%B9%D9%82%D8%A7%D8%B1%D8%A7%D8%AA%20%D8%A7%D9%84%D9%85%D8%B3%D8%AC%D9%84%D8%A9%20%D8%B9%D9%86%D8%AF%D9%86%D8%A7%20%D9%81%D9%88%D8%B1%D9%8B%D8%A7.%0A%D9%84%D9%88%20%D8%AD%D8%A7%D8%A8%D9%8A%D9%86%20%D8%B9%D9%82%D8%A7%D8%B1%D9%83%20%D9%8A%D8%A8%D9%82%D9%89%20%D9%85%D9%86%20%D8%B6%D9%85%D9%86%20%D8%AA%D8%B1%D8%B4%D9%8A%D8%AD%D8%A7%D8%AA%20%D8%A7%D9%84%D9%85%D8%A7%D8%B1%D8%AF%20%D9%85%D8%AC%D8%A7%D9%86%D9%8B%D8%A7%D8%8C%20%D8%AC%D8%B1%D8%A8%D9%88%D9%87%20%D8%A8%D9%86%D9%81%D8%B3%D9%83%D9%85%20%D8%AF%D9%84%D9%88%D9%82%D8%AA%D9%8A%3A%20https%3A//t.me/Madmona_bot%0A%D9%83%D9%84%D9%85%D9%88%D9%86%D8%A7%20%D9%84%D9%88%20%D8%AD%D8%A7%D8%A8%D9%8A%D9%86%20%D8%AA%D8%AA%D8%B3%D8%AC%D9%84%D9%88%D8%A7%20%F0%9F%99%8F,قاعدة بيانات مضمونة (cold_leads - status new)
عقارات (خارج مصر الجديدة - رسالة عامة),شاليه للبيع - العين السخنة,العين السخنة,+201098807444,https://wa.me/201098807444?text=%D9%85%D8%B1%D8%AD%D8%A8%D9%8B%D8%A7%20%F0%9F%91%8B%20%D9%85%D8%B9%D8%A7%D9%83%D9%85%20%D9%81%D8%B1%D9%8A%D9%82%20%D9%85%D8%B6%D9%85%D9%88%D9%86%D8%A9%20%28madmonacairo.com%29%20%E2%80%94%20%D9%85%D9%86%D8%B5%D8%A9%20%D8%B9%D9%82%D8%A7%D8%B1%D8%A7%D8%AA%20%D9%88%D9%85%D8%B7%D8%A7%D8%B9%D9%85%20%D9%88%D8%AE%D8%AF%D9%85%D8%A7%D8%AA%D8%8C%20%D9%85%D9%82%D8%B1%D9%87%D8%A7%20%D9%85%D8%B5%D8%B1%20%D8%A7%D9%84%D8%AC%D8%AF%D9%8A%D8%AF%D8%A9%D8%8C%20%D8%A7%D9%84%D9%82%D8%A7%D9%87%D8%B1%D8%A9.%0A%D8%B9%D9%86%D8%AF%D9%86%D8%A7%20%22%D8%A7%D9%84%D9%85%D8%A7%D8%B1%D8%AF%22%20%F0%9F%A7%9E%E2%80%8D%E2%99%82%EF%B8%8F%20%D9%85%D8%B3%D8%A7%D8%B9%D8%AF%20%D8%B0%D9%83%D8%A7%D8%A1%20%D8%A7%D8%B5%D8%B7%D9%86%D8%A7%D8%B9%D9%8A%D8%8C%20%D8%A3%D9%8A%20%D8%AD%D8%AF%20%D9%8A%D8%B3%D8%A3%D9%84%D9%87%20%D8%B9%D9%86%20%D8%B9%D9%82%D8%A7%D8%B1%20%D9%8A%D8%B3%D8%AA%D8%A3%D8%AC%D8%B1%D9%87/%D9%8A%D8%B4%D8%AA%D8%B1%D9%8A%D9%87%20%D8%A3%D9%88%20%D9%85%D8%B7%D8%B9%D9%85%20%D9%8A%D9%82%D8%B9%D8%AF%20%D9%81%D9%8A%D9%87%D8%8C%20%D8%A8%D9%8A%D8%B1%D8%B4%D8%AD%D9%84%D9%87%20%D8%A7%D9%84%D9%85%D8%AD%D9%84%D8%A7%D8%AA%20%D9%88%D8%A7%D9%84%D8%B9%D9%82%D8%A7%D8%B1%D8%A7%D8%AA%20%D8%A7%D9%84%D9%85%D8%B3%D8%AC%D9%84%D8%A9%20%D8%B9%D9%86%D8%AF%D9%86%D8%A7%20%D9%81%D9%88%D8%B1%D9%8B%D8%A7.%0A%D9%84%D9%88%20%D8%AD%D8%A7%D8%A8%D9%8A%D9%86%20%D8%B9%D9%82%D8%A7%D8%B1%D9%83%20%D9%8A%D8%A8%D9%82%D9%89%20%D9%85%D9%86%20%D8%B6%D9%85%D9%86%20%D8%AA%D8%B1%D8%B4%D9%8A%D8%AD%D8%A7%D8%AA%20%D8%A7%D9%84%D9%85%D8%A7%D8%B1%D8%AF%20%D9%85%D8%AC%D8%A7%D9%86%D9%8B%D8%A7%D8%8C%20%D8%AC%D8%B1%D8%A8%D9%88%D9%87%20%D8%A8%D9%86%D9%81%D8%B3%D9%83%D9%85%20%D8%AF%D9%84%D9%88%D9%82%D8%AA%D9%8A%3A%20https%3A//t.me/Madmona_bot%0A%D9%83%D9%84%D9%85%D9%88%D9%86%D8%A7%20%D9%84%D9%88%20%D8%AD%D8%A7%D8%A8%D9%8A%D9%86%20%D8%AA%D8%AA%D8%B3%D8%AC%D9%84%D9%88%D8%A7%20%F0%9F%99%8F,قاعدة بيانات مضمونة (cold_leads - status new)
عقارات (خارج مصر الجديدة - رسالة عامة),شاليه للبيع - العين السخنة,العين السخنة,+201020952684,https://wa.me/201020952684?text=%D9%85%D8%B1%D8%AD%D8%A8%D9%8B%D8%A7%20%F0%9F%91%8B%20%D9%85%D8%B9%D8%A7%D9%83%D9%85%20%D9%81%D8%B1%D9%8A%D9%82%20%D9%85%D8%B6%D9%85%D9%88%D9%86%D8%A9%20%28madmonacairo.com%29%20%E2%80%94%20%D9%85%D9%86%D8%B5%D8%A9%20%D8%B9%D9%82%D8%A7%D8%B1%D8%A7%D8%AA%20%D9%88%D9%85%D8%B7%D8%A7%D8%B9%D9%85%20%D9%88%D8%AE%D8%AF%D9%85%D8%A7%D8%AA%D8%8C%20%D9%85%D9%82%D8%B1%D9%87%D8%A7%20%D9%85%D8%B5%D8%B1%20%D8%A7%D9%84%D8%AC%D8%AF%D9%8A%D8%AF%D8%A9%D8%8C%20%D8%A7%D9%84%D9%82%D8%A7%D9%87%D8%B1%D8%A9.%0A%D8%B9%D9%86%D8%AF%D9%86%D8%A7%20%22%D8%A7%D9%84%D9%85%D8%A7%D8%B1%D8%AF%22%20%F0%9F%A7%9E%E2%80%8D%E2%99%82%EF%B8%8F%20%D9%85%D8%B3%D8%A7%D8%B9%D8%AF%20%D8%B0%D9%83%D8%A7%D8%A1%20%D8%A7%D8%B5%D8%B7%D9%86%D8%A7%D8%B9%D9%8A%D8%8C%20%D8%A3%D9%8A%20%D8%AD%D8%AF%20%D9%8A%D8%B3%D8%A3%D9%84%D9%87%20%D8%B9%D9%86%20%D8%B9%D9%82%D8%A7%D8%B1%20%D9%8A%D8%B3%D8%AA%D8%A3%D8%AC%D8%B1%D9%87/%D9%8A%D8%B4%D8%AA%D8%B1%D9%8A%D9%87%20%D8%A3%D9%88%20%D9%85%D8%B7%D8%B9%D9%85%20%D9%8A%D9%82%D8%B9%D8%AF%20%D9%81%D9%8A%D9%87%D8%8C%20%D8%A8%D9%8A%D8%B1%D8%B4%D8%AD%D9%84%D9%87%20%D8%A7%D9%84%D9%85%D8%AD%D9%84%D8%A7%D8%AA%20%D9%88%D8%A7%D9%84%D8%B9%D9%82%D8%A7%D8%B1%D8%A7%D8%AA%20%D8%A7%D9%84%D9%85%D8%B3%D8%AC%D9%84%D8%A9%20%D8%B9%D9%86%D8%AF%D9%86%D8%A7%20%D9%81%D9%88%D8%B1%D9%8B%D8%A7.%0A%D9%84%D9%88%20%D8%AD%D8%A7%D8%A8%D9%8A%D9%86%20%D8%B9%D9%82%D8%A7%D8%B1%D9%83%20%D9%8A%D8%A8%D9%82%D9%89%20%D9%85%D9%86%20%D8%B6%D9%85%D9%86%20%D8%AA%D8%B1%D8%B4%D9%8A%D8%AD%D8%A7%D8%AA%20%D8%A7%D9%84%D9%85%D8%A7%D8%B1%D8%AF%20%D9%85%D8%AC%D8%A7%D9%86%D9%8B%D8%A7%D8%8C%20%D8%AC%D8%B1%D8%A8%D9%88%D9%87%20%D8%A8%D9%86%D9%81%D8%B3%D9%83%D9%85%20%D8%AF%D9%84%D9%88%D9%82%D8%AA%D9%8A%3A%20https%3A//t.me/Madmona_bot%0A%D9%83%D9%84%D9%85%D9%88%D9%86%D8%A7%20%D9%84%D9%88%20%D8%AD%D8%A7%D8%A8%D9%8A%D9%86%20%D8%AA%D8%AA%D8%B3%D8%AC%D9%84%D9%88%D8%A7%20%F0%9F%99%8F,قاعدة بيانات مضمونة (cold_leads - status new)
عقارات (خارج مصر الجديدة - رسالة عامة),شاليه للبيع - العين السخنة,العين السخنة,+201148118824,https://wa.me/201148118824?text=%D9%85%D8%B1%D8%AD%D8%A8%D9%8B%D8%A7%20%F0%9F%91%8B%20%D9%85%D8%B9%D8%A7%D9%83%D9%85%20%D9%81%D8%B1%D9%8A%D9%82%20%D9%85%D8%B6%D9%85%D9%88%D9%86%D8%A9%20%28madmonacairo.com%29%20%E2%80%94%20%D9%85%D9%86%D8%B5%D8%A9%20%D8%B9%D9%82%D8%A7%D8%B1%D8%A7%D8%AA%20%D9%88%D9%85%D8%B7%D8%A7%D8%B9%D9%85%20%D9%88%D8%AE%D8%AF%D9%85%D8%A7%D8%AA%D8%8C%20%D9%85%D9%82%D8%B1%D9%87%D8%A7%20%D9%85%D8%B5%D8%B1%20%D8%A7%D9%84%D8%AC%D8%AF%D9%8A%D8%AF%D8%A9%D8%8C%20%D8%A7%D9%84%D9%82%D8%A7%D9%87%D8%B1%D8%A9.%0A%D8%B9%D9%86%D8%AF%D9%86%D8%A7%20%22%D8%A7%D9%84%D9%85%D8%A7%D8%B1%D8%AF%22%20%F0%9F%A7%9E%E2%80%8D%E2%99%82%EF%B8%8F%20%D9%85%D8%B3%D8%A7%D8%B9%D8%AF%20%D8%B0%D9%83%D8%A7%D8%A1%20%D8%A7%D8%B5%D8%B7%D9%86%D8%A7%D8%B9%D9%8A%D8%8C%20%D8%A3%D9%8A%20%D8%AD%D8%AF%20%D9%8A%D8%B3%D8%A3%D9%84%D9%87%20%D8%B9%D9%86%20%D8%B9%D9%82%D8%A7%D8%B1%20%D9%8A%D8%B3%D8%AA%D8%A3%D8%AC%D8%B1%D9%87/%D9%8A%D8%B4%D8%AA%D8%B1%D9%8A%D9%87%20%D8%A3%D9%88%20%D9%85%D8%B7%D8%B9%D9%85%20%D9%8A%D9%82%D8%B9%D8%AF%20%D9%81%D9%8A%D9%87%D8%8C%20%D8%A8%D9%8A%D8%B1%D8%B4%D8%AD%D9%84%D9%87%20%D8%A7%D9%84%D9%85%D8%AD%D9%84%D8%A7%D8%AA%20%D9%88%D8%A7%D9%84%D8%B9%D9%82%D8%A7%D8%B1%D8%A7%D8%AA%20%D8%A7%D9%84%D9%85%D8%B3%D8%AC%D9%84%D8%A9%20%D8%B9%D9%86%D8%AF%D9%86%D8%A7%20%D9%81%D9%88%D8%B1%D9%8B%D8%A7.%0A%D9%84%D9%88%20%D8%AD%D8%A7%D8%A8%D9%8A%D9%86%20%D8%B9%D9%82%D8%A7%D8%B1%D9%83%20%D9%8A%D8%A8%D9%82%D9%89%20%D9%85%D9%86%20%D8%B6%D9%85%D9%86%20%D8%AA%D8%B1%D8%B4%D9%8A%D8%AD%D8%A7%D8%AA%20%D8%A7%D9%84%D9%85%D8%A7%D8%B1%D8%AF%20%D9%85%D8%AC%D8%A7%D9%86%D9%8B%D8%A7%D8%8C%20%D8%AC%D8%B1%D8%A8%D9%88%D9%87%20%D8%A8%D9%86%D9%81%D8%B3%D9%83%D9%85%20%D8%AF%D9%84%D9%88%D9%82%D8%AA%D9%8A%3A%20https%3A//t.me/Madmona_bot%0A%D9%83%D9%84%D9%85%D9%88%D9%86%D8%A7%20%D9%84%D9%88%20%D8%AD%D8%A7%D8%A8%D9%8A%D9%86%20%D8%AA%D8%AA%D8%B3%D8%AC%D9%84%D9%88%D8%A7%20%F0%9F%99%8F,قاعدة بيانات مضمونة (cold_leads - status new)
عقارات (خارج مصر الجديدة - رسالة عامة),شاليه للبيع - العين السخنة,العين السخنة,+201111510868,https://wa.me/201111510868?text=%D9%85%D8%B1%D8%AD%D8%A8%D9%8B%D8%A7%20%F0%9F%91%8B%20%D9%85%D8%B9%D8%A7%D9%83%D9%85%20%D9%81%D8%B1%D9%8A%D9%82%20%D9%85%D8%B6%D9%85%D9%88%D9%86%D8%A9%20%28madmonacairo.com%29%20%E2%80%94%20%D9%85%D9%86%D8%B5%D8%A9%20%D8%B9%D9%82%D8%A7%D8%B1%D8%A7%D8%AA%20%D9%88%D9%85%D8%B7%D8%A7%D8%B9%D9%85%20%D9%88%D8%AE%D8%AF%D9%85%D8%A7%D8%AA%D8%8C%20%D9%85%D9%82%D8%B1%D9%87%D8%A7%20%D9%85%D8%B5%D8%B1%20%D8%A7%D9%84%D8%AC%D8%AF%D9%8A%D8%AF%D8%A9%D8%8C%20%D8%A7%D9%84%D9%82%D8%A7%D9%87%D8%B1%D8%A9.%0A%D8%B9%D9%86%D8%AF%D9%86%D8%A7%20%22%D8%A7%D9%84%D9%85%D8%A7%D8%B1%D8%AF%22%20%F0%9F%A7%9E%E2%80%8D%E2%99%82%EF%B8%8F%20%D9%85%D8%B3%D8%A7%D8%B9%D8%AF%20%D8%B0%D9%83%D8%A7%D8%A1%20%D8%A7%D8%B5%D8%B7%D9%86%D8%A7%D8%B9%D9%8A%D8%8C%20%D8%A3%D9%8A%20%D8%AD%D8%AF%20%D9%8A%D8%B3%D8%A3%D9%84%D9%87%20%D8%B9%D9%86%20%D8%B9%D9%82%D8%A7%D8%B1%20%D9%8A%D8%B3%D8%AA%D8%A3%D8%AC%D8%B1%D9%87/%D9%8A%D8%B4%D8%AA%D8%B1%D9%8A%D9%87%20%D8%A3%D9%88%20%D9%85%D8%B7%D8%B9%D9%85%20%D9%8A%D9%82%D8%B9%D8%AF%20%D9%81%D9%8A%D9%87%D8%8C%20%D8%A8%D9%8A%D8%B1%D8%B4%D8%AD%D9%84%D9%87%20%D8%A7%D9%84%D9%85%D8%AD%D9%84%D8%A7%D8%AA%20%D9%88%D8%A7%D9%84%D8%B9%D9%82%D8%A7%D8%B1%D8%A7%D8%AA%20%D8%A7%D9%84%D9%85%D8%B3%D8%AC%D9%84%D8%A9%20%D8%B9%D9%86%D8%AF%D9%86%D8%A7%20%D9%81%D9%88%D8%B1%D9%8B%D8%A7.%0A%D9%84%D9%88%20%D8%AD%D8%A7%D8%A8%D9%8A%D9%86%20%D8%B9%D9%82%D8%A7%D8%B1%D9%83%20%D9%8A%D8%A8%D9%82%D9%89%20%D9%85%D9%86%20%D8%B6%D9%85%D9%86%20%D8%AA%D8%B1%D8%B4%D9%8A%D8%AD%D8%A7%D8%AA%20%D8%A7%D9%84%D9%85%D8%A7%D8%B1%D8%AF%20%D9%85%D8%AC%D8%A7%D9%86%D9%8B%D8%A7%D8%8C%20%D8%AC%D8%B1%D8%A8%D9%88%D9%87%20%D8%A8%D9%86%D9%81%D8%B3%D9%83%D9%85%20%D8%AF%D9%84%D9%88%D9%82%D8%AA%D9%8A%3A%20https%3A//t.me/Madmona_bot%0A%D9%83%D9%84%D9%85%D9%88%D9%86%D8%A7%20%D9%84%D9%88%20%D8%AD%D8%A7%D8%A8%D9%8A%D9%86%20%D8%AA%D8%AA%D8%B3%D8%AC%D9%84%D9%88%D8%A7%20%F0%9F%99%8F,قاعدة بيانات مضمونة (cold_leads - status new)
عقارات (خارج مصر الجديدة - رسالة عامة),شاليه للبيع - العين السخنة,العين السخنة,+201155953373,https://wa.me/201155953373?text=%D9%85%D8%B1%D8%AD%D8%A8%D9%8B%D8%A7%20%F0%9F%91%8B%20%D9%85%D8%B9%D8%A7%D9%83%D9%85%20%D9%81%D8%B1%D9%8A%D9%82%20%D9%85%D8%B6%D9%85%D9%88%D9%86%D8%A9%20%28madmonacairo.com%29%20%E2%80%94%20%D9%85%D9%86%D8%B5%D8%A9%20%D8%B9%D9%82%D8%A7%D8%B1%D8%A7%D8%AA%20%D9%88%D9%85%D8%B7%D8%A7%D8%B9%D9%85%20%D9%88%D8%AE%D8%AF%D9%85%D8%A7%D8%AA%D8%8C%20%D9%85%D9%82%D8%B1%D9%87%D8%A7%20%D9%85%D8%B5%D8%B1%20%D8%A7%D9%84%D8%AC%D8%AF%D9%8A%D8%AF%D8%A9%D8%8C%20%D8%A7%D9%84%D9%82%D8%A7%D9%87%D8%B1%D8%A9.%0A%D8%B9%D9%86%D8%AF%D9%86%D8%A7%20%22%D8%A7%D9%84%D9%85%D8%A7%D8%B1%D8%AF%22%20%F0%9F%A7%9E%E2%80%8D%E2%99%82%EF%B8%8F%20%D9%85%D8%B3%D8%A7%D8%B9%D8%AF%20%D8%B0%D9%83%D8%A7%D8%A1%20%D8%A7%D8%B5%D8%B7%D9%86%D8%A7%D8%B9%D9%8A%D8%8C%20%D8%A3%D9%8A%20%D8%AD%D8%AF%20%D9%8A%D8%B3%D8%A3%D9%84%D9%87%20%D8%B9%D9%86%20%D8%B9%D9%82%D8%A7%D8%B1%20%D9%8A%D8%B3%D8%AA%D8%A3%D8%AC%D8%B1%D9%87/%D9%8A%D8%B4%D8%AA%D8%B1%D9%8A%D9%87%20%D8%A3%D9%88%20%D9%85%D8%B7%D8%B9%D9%85%20%D9%8A%D9%82%D8%B9%D8%AF%20%D9%81%D9%8A%D9%87%D8%8C%20%D8%A8%D9%8A%D8%B1%D8%B4%D8%AD%D9%84%D9%87%20%D8%A7%D9%84%D9%85%D8%AD%D9%84%D8%A7%D8%AA%20%D9%88%D8%A7%D9%84%D8%B9%D9%82%D8%A7%D8%B1%D8%A7%D8%AA%20%D8%A7%D9%84%D9%85%D8%B3%D8%AC%D9%84%D8%A9%20%D8%B9%D9%86%D8%AF%D9%86%D8%A7%20%D9%81%D9%88%D8%B1%D9%8B%D8%A7.%0A%D9%84%D9%88%20%D8%AD%D8%A7%D8%A8%D9%8A%D9%86%20%D8%B9%D9%82%D8%A7%D8%B1%D9%83%20%D9%8A%D8%A8%D9%82%D9%89%20%D9%85%D9%86%20%D8%B6%D9%85%D9%86%20%D8%AA%D8%B1%D8%B4%D9%8A%D8%AD%D8%A7%D8%AA%20%D8%A7%D9%84%D9%85%D8%A7%D8%B1%D8%AF%20%D9%85%D8%AC%D8%A7%D9%86%D9%8B%D8%A7%D8%8C%20%D8%AC%D8%B1%D8%A8%D9%88%D9%87%20%D8%A8%D9%86%D9%81%D8%B3%D9%83%D9%85%20%D8%AF%D9%84%D9%88%D9%82%D8%AA%D9%8A%3A%20https%3A//t.me/Madmona_bot%0A%D9%83%D9%84%D9%85%D9%88%D9%86%D8%A7%20%D9%84%D9%88%20%D8%AD%D8%A7%D8%A8%D9%8A%D9%86%20%D8%AA%D8%AA%D8%B3%D8%AC%D9%84%D9%88%D8%A7%20%F0%9F%99%8F,قاعدة بيانات مضمونة (cold_leads - status new)
عقارات (خارج مصر الجديدة - رسالة عامة),شاليه للبيع - العين السخنة,العين السخنة,+201107404941,https://wa.me/201107404941?text=%D9%85%D8%B1%D8%AD%D8%A8%D9%8B%D8%A7%20%F0%9F%91%8B%20%D9%85%D8%B9%D8%A7%D9%83%D9%85%20%D9%81%D8%B1%D9%8A%D9%82%20%D9%85%D8%B6%D9%85%D9%88%D9%86%D8%A9%20%28madmonacairo.com%29%20%E2%80%94%20%D9%85%D9%86%D8%B5%D8%A9%20%D8%B9%D9%82%D8%A7%D8%B1%D8%A7%D8%AA%20%D9%88%D9%85%D8%B7%D8%A7%D8%B9%D9%85%20%D9%88%D8%AE%D8%AF%D9%85%D8%A7%D8%AA%D8%8C%20%D9%85%D9%82%D8%B1%D9%87%D8%A7%20%D9%85%D8%B5%D8%B1%20%D8%A7%D9%84%D8%AC%D8%AF%D9%8A%D8%AF%D8%A9%D8%8C%20%D8%A7%D9%84%D9%82%D8%A7%D9%87%D8%B1%D8%A9.%0A%D8%B9%D9%86%D8%AF%D9%86%D8%A7%20%22%D8%A7%D9%84%D9%85%D8%A7%D8%B1%D8%AF%22%20%F0%9F%A7%9E%E2%80%8D%E2%99%82%EF%B8%8F%20%D9%85%D8%B3%D8%A7%D8%B9%D8%AF%20%D8%B0%D9%83%D8%A7%D8%A1%20%D8%A7%D8%B5%D8%B7%D9%86%D8%A7%D8%B9%D9%8A%D8%8C%20%D8%A3%D9%8A%20%D8%AD%D8%AF%20%D9%8A%D8%B3%D8%A3%D9%84%D9%87%20%D8%B9%D9%86%20%D8%B9%D9%82%D8%A7%D8%B1%20%D9%8A%D8%B3%D8%AA%D8%A3%D8%AC%D8%B1%D9%87/%D9%8A%D8%B4%D8%AA%D8%B1%D9%8A%D9%87%20%D8%A3%D9%88%20%D9%85%D8%B7%D8%B9%D9%85%20%D9%8A%D9%82%D8%B9%D8%AF%20%D9%81%D9%8A%D9%87%D8%8C%20%D8%A8%D9%8A%D8%B1%D8%B4%D8%AD%D9%84%D9%87%20%D8%A7%D9%84%D9%85%D8%AD%D9%84%D8%A7%D8%AA%20%D9%88%D8%A7%D9%84%D8%B9%D9%82%D8%A7%D8%B1%D8%A7%D8%AA%20%D8%A7%D9%84%D9%85%D8%B3%D8%AC%D9%84%D8%A9%20%D8%B9%D9%86%D8%AF%D9%86%D8%A7%20%D9%81%D9%88%D8%B1%D9%8B%D8%A7.%0A%D9%84%D9%88%20%D8%AD%D8%A7%D8%A8%D9%8A%D9%86%20%D8%B9%D9%82%D8%A7%D8%B1%D9%83%20%D9%8A%D8%A8%D9%82%D9%89%20%D9%85%D9%86%20%D8%B6%D9%85%D9%86%20%D8%AA%D8%B1%D8%B4%D9%8A%D8%AD%D8%A7%D8%AA%20%D8%A7%D9%84%D9%85%D8%A7%D8%B1%D8%AF%20%D9%85%D8%AC%D8%A7%D9%86%D9%8B%D8%A7%D8%8C%20%D8%AC%D8%B1%D8%A8%D9%88%D9%87%20%D8%A8%D9%86%D9%81%D8%B3%D9%83%D9%85%20%D8%AF%D9%84%D9%88%D9%82%D8%AA%D9%8A%3A%20https%3A//t.me/Madmona_bot%0A%D9%83%D9%84%D9%85%D9%88%D9%86%D8%A7%20%D9%84%D9%88%20%D8%AD%D8%A7%D8%A8%D9%8A%D9%86%20%D8%AA%D8%AA%D8%B3%D8%AC%D9%84%D9%88%D8%A7%20%F0%9F%99%8F,قاعدة بيانات مضمونة (cold_leads - status new)
